trial,testing,parameters,initial_deadline,final_deadline,net_reward,actions,success
1,False,"{'a': 0.5, 'e': 0.99}",25,0,-142.080642939111,"{0: 15, 1: 3, 2: 4, 3: 1, 4: 2}",0
2,False,"{'a': 0.5, 'e': 0.9801}",20,0,-144.6884014211984,"{0: 10, 1: 2, 2: 5, 3: 1, 4: 2}",0
3,False,"{'a': 0.5, 'e': 0.970299}",20,0,-98.13814730564846,"{0: 11, 1: 5, 2: 2, 3: 1, 4: 1}",0
4,False,"{'a': 0.5, 'e': 0.96059601}",25,0,-107.28494245508674,"{0: 15, 1: 3, 2: 5, 3: 1, 4: 1}",0
5,False,"{'a': 0.5, 'e': 0.9509900498999999}",25,0,-95.53405676221075,"{0: 16, 1: 3, 2: 4, 3: 1, 4: 1}",0
6,False,"{'a': 0.5, 'e': 0.941480149401}",25,0,-99.60136742118677,"{0: 16, 1: 2, 2: 4, 3: 3, 4: 0}",0
7,False,"{'a': 0.5, 'e': 0.9320653479069899}",25,0,-134.12849498077588,"{0: 11, 1: 5, 2: 8, 3: 0, 4: 1}",0
8,False,"{'a': 0.5, 'e': 0.9227446944279201}",25,0,-115.55645895734162,"{0: 15, 1: 2, 2: 6, 3: 1, 4: 1}",0
9,False,"{'a': 0.5, 'e': 0.9135172474836408}",20,0,-166.8121260958427,"{0: 9, 1: 4, 2: 2, 3: 3, 4: 2}",0
10,False,"{'a': 0.5, 'e': 0.9043820750088044}",35,2,-203.04039961329175,"{0: 18, 1: 5, 2: 6, 3: 1, 4: 3}",1
11,False,"{'a': 0.5, 'e': 0.8953382542587164}",30,0,-191.5048578157225,"{0: 18, 1: 4, 2: 3, 3: 2, 4: 3}",0
12,False,"{'a': 0.5, 'e': 0.8863848717161292}",25,0,-159.3999843744099,"{0: 15, 1: 3, 2: 4, 3: 0, 4: 3}",0
13,False,"{'a': 0.5, 'e': 0.8775210229989678}",30,0,-160.63828314432087,"{0: 15, 1: 4, 2: 8, 3: 2, 4: 1}",0
14,False,"{'a': 0.5, 'e': 0.8687458127689782}",20,0,-40.953137369190145,"{0: 14, 1: 2, 2: 3, 3: 1, 4: 0}",0
15,False,"{'a': 0.5, 'e': 0.8600583546412884}",20,0,-127.09950438405023,"{0: 14, 1: 1, 2: 2, 3: 0, 4: 3}",0
16,False,"{'a': 0.5, 'e': 0.8514577710948755}",25,0,-118.11439209214657,"{0: 16, 1: 3, 2: 4, 3: 0, 4: 2}",0
17,False,"{'a': 0.5, 'e': 0.8429431933839268}",20,0,-26.953404196952956,"{0: 18, 1: 0, 2: 1, 3: 0, 4: 1}",0
18,False,"{'a': 0.5, 'e': 0.8345137614500875}",20,0,-48.68094209810278,"{0: 13, 1: 3, 2: 3, 3: 1, 4: 0}",0
19,False,"{'a': 0.5, 'e': 0.8261686238355866}",20,0,-65.54631504520685,"{0: 13, 1: 2, 2: 3, 3: 2, 4: 0}",0
20,False,"{'a': 0.5, 'e': 0.8179069375972308}",30,0,-154.0222559565346,"{0: 18, 1: 4, 2: 4, 3: 2, 4: 2}",0
21,False,"{'a': 0.5, 'e': 0.8097278682212584}",30,0,-202.01054088047533,"{0: 15, 1: 4, 2: 8, 3: 0, 4: 3}",0
22,False,"{'a': 0.5, 'e': 0.8016305895390459}",20,0,-130.3875282283411,"{0: 14, 1: 0, 2: 3, 3: 0, 4: 3}",0
23,False,"{'a': 0.5, 'e': 0.7936142836436554}",20,0,-171.7657377551517,"{0: 8, 1: 3, 2: 6, 3: 1, 4: 2}",0
24,False,"{'a': 0.5, 'e': 0.7856781408072188}",25,0,-130.96733289609398,"{0: 18, 1: 0, 2: 3, 3: 2, 4: 2}",0
25,False,"{'a': 0.5, 'e': 0.7778213593991467}",20,0,-26.276002781197704,"{0: 16, 1: 1, 2: 2, 3: 1, 4: 0}",0
26,False,"{'a': 0.5, 'e': 0.7700431458051551}",25,0,-79.25076735200005,"{0: 17, 1: 3, 2: 4, 3: 0, 4: 1}",0
27,False,"{'a': 0.5, 'e': 0.7623427143471035}",20,5,-21.226810654120605,"{0: 11, 1: 1, 2: 3, 3: 0, 4: 0}",1
28,False,"{'a': 0.5, 'e': 0.7547192872036326}",30,9,-119.76481144279073,"{0: 15, 1: 2, 2: 1, 3: 0, 4: 3}",1
29,False,"{'a': 0.5, 'e': 0.7471720943315961}",20,0,-55.41707662522131,"{0: 14, 1: 1, 2: 3, 3: 2, 4: 0}",0
30,False,"{'a': 0.5, 'e': 0.7397003733882802}",20,0,-165.6548525867352,"{0: 11, 1: 2, 2: 3, 3: 1, 4: 3}",0
31,False,"{'a': 0.5, 'e': 0.7323033696543975}",20,0,-38.42744056367037,"{0: 16, 1: 1, 2: 2, 3: 0, 4: 1}",0
32,False,"{'a': 0.5, 'e': 0.7249803359578534}",25,0,-88.16736966657089,"{0: 15, 1: 2, 2: 6, 3: 2, 4: 0}",1
33,False,"{'a': 0.5, 'e': 0.7177305325982749}",30,19,18.678732891372558,"{0: 11, 1: 0, 2: 0, 3: 0, 4: 0}",1
34,False,"{'a': 0.5, 'e': 0.7105532272722921}",20,16,8.131323673367108,"{0: 4, 1: 0, 2: 0, 3: 0, 4: 0}",1
35,False,"{'a': 0.5, 'e': 0.7034476949995692}",20,3,-60.183385110131,"{0: 10, 1: 5, 2: 1, 3: 0, 4: 1}",1
36,False,"{'a': 0.5, 'e': 0.6964132180495735}",20,0,-118.23411227937532,"{0: 12, 1: 1, 2: 5, 3: 0, 4: 2}",0
37,False,"{'a': 0.5, 'e': 0.6894490858690777}",25,0,-177.9683540782241,"{0: 15, 1: 3, 2: 2, 3: 2, 4: 3}",0
38,False,"{'a': 0.5, 'e': 0.682554595010387}",25,0,-145.3524502605763,"{0: 15, 1: 5, 2: 2, 3: 0, 4: 3}",1
39,False,"{'a': 0.5, 'e': 0.6757290490602831}",25,0,-105.73715717994564,"{0: 14, 1: 2, 2: 7, 3: 2, 4: 0}",0
40,False,"{'a': 0.5, 'e': 0.6689717585696803}",25,1,-33.21238281868343,"{0: 18, 1: 2, 2: 4, 3: 0, 4: 0}",1
41,False,"{'a': 0.5, 'e': 0.6622820409839835}",20,0,-125.85102331704677,"{0: 9, 1: 3, 2: 6, 3: 1, 4: 1}",0
42,False,"{'a': 0.5, 'e': 0.6556592205741436}",25,0,8.74360606417346,"{0: 23, 1: 1, 2: 1, 3: 0, 4: 0}",0
43,False,"{'a': 0.5, 'e': 0.6491026283684022}",20,0,-134.44496250028465,"{0: 12, 1: 1, 2: 4, 3: 1, 4: 2}",0
44,False,"{'a': 0.5, 'e': 0.6426116020847181}",30,12,-41.225176935101466,"{0: 15, 1: 0, 2: 2, 3: 0, 4: 1}",1
45,False,"{'a': 0.5, 'e': 0.6361854860638709}",20,0,-94.26519888664366,"{0: 12, 1: 0, 2: 7, 3: 0, 4: 1}",0
46,False,"{'a': 0.5, 'e': 0.6298236312032323}",30,11,-95.84604992657255,"{0: 12, 1: 3, 2: 2, 3: 0, 4: 2}",1
47,False,"{'a': 0.5, 'e': 0.6235253948912}",25,0,-68.7026120210361,"{0: 17, 1: 3, 2: 4, 3: 0, 4: 1}",1
48,False,"{'a': 0.5, 'e': 0.617290140942288}",25,0,-88.69223688191433,"{0: 16, 1: 4, 2: 3, 3: 1, 4: 1}",0
49,False,"{'a': 0.5, 'e': 0.611117239532865}",30,12,-5.923730682056281,"{0: 16, 1: 0, 2: 1, 3: 1, 4: 0}",1
50,False,"{'a': 0.5, 'e': 0.6050060671375364}",20,0,-49.25895008142875,"{0: 14, 1: 2, 2: 2, 3: 2, 4: 0}",0
51,False,"{'a': 0.5, 'e': 0.598956006466161}",20,15,2.074194719599519,"{0: 4, 1: 1, 2: 0, 3: 0, 4: 0}",1
52,False,"{'a': 0.5, 'e': 0.5929664464014994}",20,12,3.4158408237470432,"{0: 7, 1: 0, 2: 1, 3: 0, 4: 0}",1
53,False,"{'a': 0.5, 'e': 0.5870367819374844}",20,0,-16.910397691497405,"{0: 15, 1: 4, 2: 0, 3: 1, 4: 0}",0
54,False,"{'a': 0.5, 'e': 0.5811664141181095}",25,3,-41.78609605776415,"{0: 17, 1: 3, 2: 1, 3: 0, 4: 1}",1
55,False,"{'a': 0.5, 'e': 0.5753547499769285}",20,6,-83.41935194976097,"{0: 9, 1: 2, 2: 1, 3: 0, 4: 2}",1
56,False,"{'a': 0.5, 'e': 0.5696012024771592}",25,0,-89.85967478924158,"{0: 17, 1: 2, 2: 4, 3: 1, 4: 1}",0
57,False,"{'a': 0.5, 'e': 0.5639051904523875}",20,8,-62.99544941641987,"{0: 10, 1: 0, 2: 0, 3: 0, 4: 2}",1
58,False,"{'a': 0.5, 'e': 0.5582661385478637}",20,0,-39.683547031410576,"{0: 14, 1: 0, 2: 6, 3: 0, 4: 0}",0
59,False,"{'a': 0.5, 'e': 0.5526834771623851}",20,0,-65.39549859961402,"{0: 14, 1: 0, 2: 5, 3: 0, 4: 1}",0
60,False,"{'a': 0.5, 'e': 0.5471566423907612}",20,0,-3.13759179336248,"{0: 17, 1: 1, 2: 2, 3: 0, 4: 0}",0
61,False,"{'a': 0.5, 'e': 0.5416850759668536}",20,4,-13.905092175695033,"{0: 12, 1: 1, 2: 3, 3: 0, 4: 0}",1
62,False,"{'a': 0.5, 'e': 0.536268225207185}",25,0,-58.80639457161167,"{0: 20, 1: 1, 2: 2, 3: 1, 4: 1}",0
63,False,"{'a': 0.5, 'e': 0.5309055429551132}",30,8,1.7869000706284157,"{0: 18, 1: 2, 2: 2, 3: 0, 4: 0}",1
64,False,"{'a': 0.5, 'e': 0.525596487525562}",25,13,-33.95948639929699,"{0: 10, 1: 0, 2: 1, 3: 0, 4: 1}",1
65,False,"{'a': 0.5, 'e': 0.5203405226503064}",25,0,-49.313116329851844,"{0: 18, 1: 6, 2: 0, 3: 0, 4: 1}",0
66,False,"{'a': 0.5, 'e': 0.5151371174238033}",25,0,-1.489955245811301,"{0: 21, 1: 3, 2: 1, 3: 0, 4: 0}",0
67,False,"{'a': 0.5, 'e': 0.5099857462495653}",20,13,2.0648702863850446,"{0: 6, 1: 0, 2: 1, 3: 0, 4: 0}",1
68,False,"{'a': 0.5, 'e': 0.5048858887870696}",30,17,-24.20339720943361,"{0: 9, 1: 2, 2: 1, 3: 1, 4: 0}",1
69,False,"{'a': 0.5, 'e': 0.4998370298991989}",30,10,-64.4455960015716,"{0: 14, 1: 0, 2: 5, 3: 0, 4: 1}",1
70,False,"{'a': 0.5, 'e': 0.49483865960020695}",30,2,-65.3156169506952,"{0: 20, 1: 3, 2: 4, 3: 0, 4: 1}",1
71,False,"{'a': 0.5, 'e': 0.4898902730042049}",25,3,-43.354232745725184,"{0: 17, 1: 0, 2: 3, 3: 2, 4: 0}",1
72,False,"{'a': 0.5, 'e': 0.48499137027416284}",20,1,26.393783423514737,"{0: 19, 1: 0, 2: 0, 3: 0, 4: 0}",1
73,False,"{'a': 0.5, 'e': 0.4801414565714212}",30,11,-109.85215740529051,"{0: 12, 1: 1, 2: 4, 3: 0, 4: 2}",1
74,False,"{'a': 0.5, 'e': 0.47534004200570695}",20,9,16.363913925158567,"{0: 11, 1: 0, 2: 0, 3: 0, 4: 0}",1
75,False,"{'a': 0.5, 'e': 0.4705866415856499}",30,17,12.230113285462938,"{0: 11, 1: 2, 2: 0, 3: 0, 4: 0}",1
76,False,"{'a': 0.5, 'e': 0.46588077516979337}",25,0,-73.12166026585227,"{0: 21, 1: 0, 2: 2, 3: 0, 4: 2}",0
77,False,"{'a': 0.5, 'e': 0.46122196741809546}",25,8,-2.1708431737203986,"{0: 13, 1: 3, 2: 1, 3: 0, 4: 0}",1
78,False,"{'a': 0.5, 'e': 0.4566097477439145}",30,6,6.376907996475254,"{0: 20, 1: 2, 2: 2, 3: 0, 4: 0}",1
79,False,"{'a': 0.5, 'e': 0.45204365026647536}",20,0,-2.8409364376878905,"{0: 17, 1: 0, 2: 3, 3: 0, 4: 0}",0
80,False,"{'a': 0.5, 'e': 0.4475232137638106}",20,11,-1.7042941442251398,"{0: 8, 1: 0, 2: 0, 3: 1, 4: 0}",1
81,False,"{'a': 0.5, 'e': 0.4430479816261725}",20,0,-40.39311982356883,"{0: 16, 1: 1, 2: 2, 3: 0, 4: 1}",0
82,False,"{'a': 0.5, 'e': 0.43861750180991077}",25,9,-35.51533689570137,"{0: 13, 1: 0, 2: 2, 3: 0, 4: 1}",1
83,False,"{'a': 0.5, 'e': 0.43423132679181164}",20,0,-36.04581408150899,"{0: 14, 1: 3, 2: 2, 3: 1, 4: 0}",0
84,False,"{'a': 0.5, 'e': 0.4298890135238935}",20,2,11.158778246248822,"{0: 16, 1: 1, 2: 1, 3: 0, 4: 0}",1
85,False,"{'a': 0.5, 'e': 0.4255901233886546}",20,10,4.5116775524178125,"{0: 8, 1: 2, 2: 0, 3: 0, 4: 0}",1
86,False,"{'a': 0.5, 'e': 0.421334222154768}",25,17,15.721144692694072,"{0: 8, 1: 0, 2: 0, 3: 0, 4: 0}",1
87,False,"{'a': 0.5, 'e': 0.41712087993322033}",25,2,17.787311320431275,"{0: 21, 1: 1, 2: 1, 3: 0, 4: 0}",1
88,False,"{'a': 0.5, 'e': 0.41294967113388814}",30,0,11.645781172770173,"{0: 27, 1: 0, 2: 3, 3: 0, 4: 0}",0
89,False,"{'a': 0.5, 'e': 0.40882017442254925}",20,3,18.69932636558379,"{0: 16, 1: 1, 2: 0, 3: 0, 4: 0}",1
90,False,"{'a': 0.5, 'e': 0.4047319726783238}",20,11,-56.885457173800496,"{0: 6, 1: 1, 2: 0, 3: 1, 4: 1}",1
91,False,"{'a': 0.5, 'e': 0.40068465295154054}",30,13,-21.852867283158524,"{0: 13, 1: 2, 2: 1, 3: 1, 4: 0}",1
92,False,"{'a': 0.5, 'e': 0.3966778064220251}",25,0,-1.427961600311213,"{0: 21, 1: 1, 2: 3, 3: 0, 4: 0}",0
93,False,"{'a': 0.5, 'e': 0.39271102835780486}",20,0,-21.537782029317192,"{0: 18, 1: 1, 2: 0, 3: 0, 4: 1}",0
94,False,"{'a': 0.5, 'e': 0.3887839180742268}",25,5,-13.999361385330776,"{0: 16, 1: 2, 2: 1, 3: 1, 4: 0}",1
95,False,"{'a': 0.5, 'e': 0.38489607889348454}",25,19,8.940485228061613,"{0: 6, 1: 0, 2: 0, 3: 0, 4: 0}",1
96,False,"{'a': 0.5, 'e': 0.38104711810454966}",20,0,-15.120588039636027,"{0: 17, 1: 0, 2: 2, 3: 1, 4: 0}",0
97,False,"{'a': 0.5, 'e': 0.37723664692350417}",20,11,-36.77052760824513,"{0: 6, 1: 2, 2: 0, 3: 0, 4: 1}",1
98,False,"{'a': 0.5, 'e': 0.37346428045426916}",20,8,-50.139103741516784,"{0: 9, 1: 1, 2: 0, 3: 1, 4: 1}",1
99,False,"{'a': 0.5, 'e': 0.36972963764972644}",25,6,-45.42802988286825,"{0: 14, 1: 2, 2: 2, 3: 0, 4: 1}",1
100,False,"{'a': 0.5, 'e': 0.3660323412732292}",25,0,6.544701847850051,"{0: 23, 1: 0, 2: 2, 3: 0, 4: 0}",1
101,False,"{'a': 0.5, 'e': 0.3623720178604969}",20,6,-12.651419014033525,"{0: 11, 1: 0, 2: 3, 3: 0, 4: 0}",1
102,False,"{'a': 0.5, 'e': 0.3587482976818919}",30,8,-14.066082161553574,"{0: 20, 1: 1, 2: 0, 3: 0, 4: 1}",1
103,False,"{'a': 0.5, 'e': 0.355160814705073}",20,0,-31.15621507416807,"{0: 17, 1: 1, 2: 1, 3: 0, 4: 1}",0
104,False,"{'a': 0.5, 'e': 0.35160920655802225}",20,0,-123.35097121550712,"{0: 14, 1: 1, 2: 2, 3: 0, 4: 3}",0
105,False,"{'a': 0.5, 'e': 0.348093114492442}",35,19,22.980471125083664,"{0: 15, 1: 1, 2: 0, 3: 0, 4: 0}",1
106,False,"{'a': 0.5, 'e': 0.3446121833475176}",20,14,-34.066242106372876,"{0: 5, 1: 0, 2: 0, 3: 0, 4: 1}",1
107,False,"{'a': 0.5, 'e': 0.34116606151404244}",25,17,1.9349346586269895,"{0: 7, 1: 0, 2: 1, 3: 0, 4: 0}",1
108,False,"{'a': 0.5, 'e': 0.337754400898902}",20,11,13.497844668129225,"{0: 9, 1: 0, 2: 0, 3: 0, 4: 0}",1
109,False,"{'a': 0.5, 'e': 0.334376856889913}",30,5,-142.4670632305797,"{0: 17, 1: 3, 2: 1, 3: 1, 4: 3}",1
110,False,"{'a': 0.5, 'e': 0.33103308832101386}",25,20,8.14478481553666,"{0: 5, 1: 0, 2: 0, 3: 0, 4: 0}",1
111,False,"{'a': 0.5, 'e': 0.3277227574378037}",25,20,10.912581153793928,"{0: 5, 1: 0, 2: 0, 3: 0, 4: 0}",1
112,False,"{'a': 0.5, 'e': 0.3244455298634257}",20,7,19.831094063537808,"{0: 13, 1: 0, 2: 0, 3: 0, 4: 0}",1
113,False,"{'a': 0.5, 'e': 0.3212010745647914}",20,6,-3.7541647694688702,"{0: 13, 1: 0, 2: 0, 3: 1, 4: 0}",1
114,False,"{'a': 0.5, 'e': 0.3179890638191435}",25,16,-6.676022310519151,"{0: 7, 1: 1, 2: 1, 3: 0, 4: 0}",1
115,False,"{'a': 0.5, 'e': 0.31480917318095203}",20,8,-23.95752786658995,"{0: 11, 1: 0, 2: 0, 3: 0, 4: 1}",1
116,False,"{'a': 0.5, 'e': 0.3116610814491425}",20,0,-20.02210381413084,"{0: 16, 1: 1, 2: 2, 3: 1, 4: 0}",1
117,False,"{'a': 0.5, 'e': 0.30854447063465107}",20,13,-1.4642582339073067,"{0: 6, 1: 0, 2: 1, 3: 0, 4: 0}",1
118,False,"{'a': 0.5, 'e': 0.3054590259283046}",20,14,12.473848716380715,"{0: 6, 1: 0, 2: 0, 3: 0, 4: 0}",1
119,False,"{'a': 0.5, 'e': 0.30240443566902153}",25,13,-17.147209841427006,"{0: 11, 1: 0, 2: 0, 3: 0, 4: 1}",1
120,False,"{'a': 0.5, 'e': 0.2993803913123313}",30,16,-7.9991636745269785,"{0: 11, 1: 0, 2: 3, 3: 0, 4: 0}",1
121,False,"{'a': 0.5, 'e': 0.296386587399208}",20,8,8.368212236593854,"{0: 10, 1: 2, 2: 0, 3: 0, 4: 0}",1
122,False,"{'a': 0.5, 'e': 0.2934227215252159}",25,2,-24.749451170486928,"{0: 19, 1: 3, 2: 0, 3: 0, 4: 1}",1
123,False,"{'a': 0.5, 'e': 0.29048849430996376}",25,6,-39.490193386167654,"{0: 16, 1: 1, 2: 0, 3: 1, 4: 1}",1
124,False,"{'a': 0.5, 'e': 0.2875836093668641}",20,13,14.096726115331352,"{0: 7, 1: 0, 2: 0, 3: 0, 4: 0}",1
125,False,"{'a': 0.5, 'e': 0.28470777327319546}",25,11,-29.26305604081647,"{0: 12, 1: 0, 2: 1, 3: 0, 4: 1}",1
126,False,"{'a': 0.5, 'e': 0.2818606955404635}",25,20,9.68909451787302,"{0: 5, 1: 0, 2: 0, 3: 0, 4: 0}",1
127,False,"{'a': 0.5, 'e': 0.27904208858505886}",30,9,-25.51350098176722,"{0: 18, 1: 1, 2: 1, 3: 0, 4: 1}",1
128,False,"{'a': 0.5, 'e': 0.2762516676992083}",35,17,9.445227592028164,"{0: 16, 1: 0, 2: 2, 3: 0, 4: 0}",1
129,False,"{'a': 0.5, 'e': 0.2734891510222162}",20,0,5.723056023383924,"{0: 18, 1: 0, 2: 2, 3: 0, 4: 0}",0
130,False,"{'a': 0.5, 'e': 0.27075425951199406}",30,20,13.104033140957718,"{0: 9, 1: 1, 2: 0, 3: 0, 4: 0}",1
131,False,"{'a': 0.5, 'e': 0.2680467169168741}",20,6,-28.938945174886477,"{0: 12, 1: 0, 2: 1, 3: 0, 4: 1}",1
132,False,"{'a': 0.5, 'e': 0.26536624974770534}",25,17,12.944118375433035,"{0: 8, 1: 0, 2: 0, 3: 0, 4: 0}",1
133,False,"{'a': 0.5, 'e': 0.2627125872502283}",25,9,-37.86759925677469,"{0: 13, 1: 0, 2: 2, 3: 0, 4: 1}",1
134,False,"{'a': 0.5, 'e': 0.26008546137772603}",30,3,19.10034670163075,"{0: 25, 1: 1, 2: 1, 3: 0, 4: 0}",1
135,False,"{'a': 0.5, 'e': 0.25748460676394874}",25,14,11.194083734677426,"{0: 10, 1: 1, 2: 0, 3: 0, 4: 0}",1
136,False,"{'a': 0.5, 'e': 0.2549097606963093}",25,7,4.082037213551105,"{0: 17, 1: 0, 2: 0, 3: 1, 4: 0}",1
137,False,"{'a': 0.5, 'e': 0.2523606630893462}",25,19,10.0351965492335,"{0: 6, 1: 0, 2: 0, 3: 0, 4: 0}",1
138,False,"{'a': 0.5, 'e': 0.2498370564584527}",20,5,11.924635448971298,"{0: 14, 1: 0, 2: 1, 3: 0, 4: 0}",1
139,False,"{'a': 0.5, 'e': 0.24733868589386818}",20,7,-14.345864126348097,"{0: 12, 1: 0, 2: 0, 3: 0, 4: 1}",1
140,False,"{'a': 0.5, 'e': 0.24486529903492948}",25,11,23.287467348012857,"{0: 14, 1: 0, 2: 0, 3: 0, 4: 0}",1
141,False,"{'a': 0.5, 'e': 0.2424166460445802}",25,8,15.145413427872395,"{0: 16, 1: 0, 2: 1, 3: 0, 4: 0}",1
142,False,"{'a': 0.5, 'e': 0.2399924795841344}",25,1,-8.068103969326692,"{0: 23, 1: 0, 2: 0, 3: 0, 4: 1}",1
143,False,"{'a': 0.5, 'e': 0.23759255478829303}",20,8,-21.63536800076079,"{0: 9, 1: 0, 2: 2, 3: 1, 4: 0}",1
144,False,"{'a': 0.5, 'e': 0.23521662924041012}",20,11,1.7199933989675131,"{0: 8, 1: 0, 2: 1, 3: 0, 4: 0}",1
145,False,"{'a': 0.5, 'e': 0.232864462948006}",25,17,3.3328793282245037,"{0: 7, 1: 0, 2: 1, 3: 0, 4: 0}",1
146,False,"{'a': 0.5, 'e': 0.23053581831852593}",25,16,19.7201236392849,"{0: 9, 1: 0, 2: 0, 3: 0, 4: 0}",1
147,False,"{'a': 0.5, 'e': 0.22823046013534068}",25,5,21.17265528802959,"{0: 19, 1: 0, 2: 1, 3: 0, 4: 0}",1
148,False,"{'a': 0.5, 'e': 0.22594815553398728}",25,12,1.5500224542816257,"{0: 11, 1: 1, 2: 1, 3: 0, 4: 0}",1
149,False,"{'a': 0.5, 'e': 0.2236886739786474}",25,11,13.204859420743258,"{0: 13, 1: 0, 2: 1, 3: 0, 4: 0}",1
150,False,"{'a': 0.5, 'e': 0.22145178723886091}",20,8,3.8685782479310205,"{0: 10, 1: 1, 2: 1, 3: 0, 4: 0}",1
151,False,"{'a': 0.5, 'e': 0.2192372693664723}",30,2,-52.65769313018598,"{0: 24, 1: 0, 2: 1, 3: 2, 4: 1}",1
152,False,"{'a': 0.5, 'e': 0.21704489667280757}",20,15,7.571636307344596,"{0: 5, 1: 0, 2: 0, 3: 0, 4: 0}",1
153,False,"{'a': 0.5, 'e': 0.2148744477060795}",20,0,15.174730589226161,"{0: 19, 1: 0, 2: 1, 3: 0, 4: 0}",0
154,False,"{'a': 0.5, 'e': 0.2127257032290187}",25,18,10.948709553592842,"{0: 7, 1: 0, 2: 0, 3: 0, 4: 0}",1
155,False,"{'a': 0.5, 'e': 0.21059844619672852}",35,18,-25.210447164475607,"{0: 15, 1: 0, 2: 1, 3: 0, 4: 1}",1
156,False,"{'a': 0.5, 'e': 0.20849246173476124}",20,10,7.4330954857583516,"{0: 9, 1: 0, 2: 1, 3: 0, 4: 0}",1
157,False,"{'a': 0.5, 'e': 0.2064075371174136}",35,13,27.759518108856614,"{0: 21, 1: 0, 2: 1, 3: 0, 4: 0}",1
158,False,"{'a': 0.5, 'e': 0.2043434617462395}",30,22,13.156742751998154,"{0: 8, 1: 0, 2: 0, 3: 0, 4: 0}",1
159,False,"{'a': 0.5, 'e': 0.2023000271287771}",20,14,8.602784832872473,"{0: 6, 1: 0, 2: 0, 3: 0, 4: 0}",1
160,False,"{'a': 0.5, 'e': 0.2002770268574893}",25,14,22.214393259044623,"{0: 11, 1: 0, 2: 0, 3: 0, 4: 0}",1
161,False,"{'a': 0.5, 'e': 0.19827425658891443}",20,5,0.4319172937627973,"{0: 14, 1: 0, 2: 0, 3: 1, 4: 0}",1
162,False,"{'a': 0.5, 'e': 0.19629151402302528}",20,0,-13.31218400799452,"{0: 19, 1: 0, 2: 0, 3: 0, 4: 1}",0
163,False,"{'a': 0.5, 'e': 0.19432859888279502}",20,13,-12.429544195016556,"{0: 5, 1: 0, 2: 2, 3: 0, 4: 0}",1
164,False,"{'a': 0.5, 'e': 0.19238531289396707}",25,14,-32.61771047086344,"{0: 9, 1: 0, 2: 1, 3: 0, 4: 1}",1
165,False,"{'a': 0.5, 'e': 0.1904614597650274}",25,4,-65.75306952445975,"{0: 18, 1: 0, 2: 0, 3: 1, 4: 2}",1
166,False,"{'a': 0.5, 'e': 0.1885568451673771}",20,2,19.046997220244993,"{0: 17, 1: 0, 2: 1, 3: 0, 4: 0}",1
167,False,"{'a': 0.5, 'e': 0.18667127671570335}",30,11,29.36360486812426,"{0: 19, 1: 0, 2: 0, 3: 0, 4: 0}",1
168,False,"{'a': 0.5, 'e': 0.1848045639485463}",35,24,9.076151264519188,"{0: 10, 1: 1, 2: 0, 3: 0, 4: 0}",1
169,False,"{'a': 0.5, 'e': 0.18295651830906084}",20,12,-37.58346219564414,"{0: 6, 1: 0, 2: 1, 3: 0, 4: 1}",1
170,False,"{'a': 0.5, 'e': 0.18112695312597024}",20,11,14.97584796339675,"{0: 9, 1: 0, 2: 0, 3: 0, 4: 0}",1
171,False,"{'a': 0.5, 'e': 0.17931568359471053}",20,0,-4.423081744946288,"{0: 18, 1: 0, 2: 1, 3: 1, 4: 0}",0
172,False,"{'a': 0.5, 'e': 0.17752252675876343}",30,17,-29.019136760482883,"{0: 11, 1: 0, 2: 1, 3: 0, 4: 1}",1
173,False,"{'a': 0.5, 'e': 0.1757473014911758}",30,10,10.135826944597284,"{0: 18, 1: 0, 2: 2, 3: 0, 4: 0}",1
174,False,"{'a': 0.5, 'e': 0.173989828476264}",20,12,12.120024696543261,"{0: 8, 1: 0, 2: 0, 3: 0, 4: 0}",1
175,False,"{'a': 0.5, 'e': 0.1722499301915014}",20,11,0.7019611929641045,"{0: 7, 1: 1, 2: 1, 3: 0, 4: 0}",1
176,False,"{'a': 0.5, 'e': 0.17052743088958636}",20,0,19.844138441565566,"{0: 19, 1: 0, 2: 1, 3: 0, 4: 0}",1
177,False,"{'a': 0.5, 'e': 0.1688221565806905}",20,3,-42.79180892740853,"{0: 14, 1: 0, 2: 1, 3: 1, 4: 1}",1
178,False,"{'a': 0.5, 'e': 0.1671339350148836}",20,11,17.219664258382046,"{0: 9, 1: 0, 2: 0, 3: 0, 4: 0}",1
179,False,"{'a': 0.5, 'e': 0.16546259566473476}",20,3,30.56076037224322,"{0: 17, 1: 0, 2: 0, 3: 0, 4: 0}",1
180,False,"{'a': 0.5, 'e': 0.16380796970808742}",25,11,24.366777870190433,"{0: 14, 1: 0, 2: 0, 3: 0, 4: 0}",1
181,False,"{'a': 0.5, 'e': 0.16216989001100654}",20,15,-10.815445288126528,"{0: 4, 1: 0, 2: 0, 3: 1, 4: 0}",1
182,False,"{'a': 0.5, 'e': 0.16054819111089647}",20,9,-3.150594703181162,"{0: 10, 1: 0, 2: 0, 3: 1, 4: 0}",1
183,False,"{'a': 0.5, 'e': 0.1589427091997875}",25,17,12.748906323672445,"{0: 8, 1: 0, 2: 0, 3: 0, 4: 0}",1
184,False,"{'a': 0.5, 'e': 0.15735328210778962}",25,0,18.89293611679589,"{0: 24, 1: 0, 2: 0, 3: 1, 4: 0}",0
185,False,"{'a': 0.5, 'e': 0.15577974928671173}",25,12,-21.52076573684574,"{0: 12, 1: 0, 2: 0, 3: 0, 4: 1}",1
186,False,"{'a': 0.5, 'e': 0.1542219517938446}",20,13,14.373868857251052,"{0: 7, 1: 0, 2: 0, 3: 0, 4: 0}",1
187,False,"{'a': 0.5, 'e': 0.15267973227590617}",20,10,14.040615060336638,"{0: 9, 1: 1, 2: 0, 3: 0, 4: 0}",1
188,False,"{'a': 0.5, 'e': 0.1511529349531471}",20,2,-48.98658746171971,"{0: 14, 1: 0, 2: 3, 3: 0, 4: 1}",1
189,False,"{'a': 0.5, 'e': 0.14964140560361563}",20,8,0.7484986515327181,"{0: 10, 1: 1, 2: 1, 3: 0, 4: 0}",1
190,False,"{'a': 0.5, 'e': 0.14814499154757946}",20,11,3.712705957469871,"{0: 8, 1: 0, 2: 1, 3: 0, 4: 0}",1
191,False,"{'a': 0.5, 'e': 0.14666354163210368}",25,3,22.960385178235924,"{0: 21, 1: 0, 2: 1, 3: 0, 4: 0}",1
192,False,"{'a': 0.5, 'e': 0.14519690621578263}",20,6,23.244802721995363,"{0: 13, 1: 1, 2: 0, 3: 0, 4: 0}",1
193,False,"{'a': 0.5, 'e': 0.1437449371536248}",20,9,20.476019220633052,"{0: 11, 1: 0, 2: 0, 3: 0, 4: 0}",1
194,False,"{'a': 0.5, 'e': 0.14230748778208857}",20,3,13.467825513158667,"{0: 16, 1: 0, 2: 1, 3: 0, 4: 0}",1
195,False,"{'a': 0.5, 'e': 0.14088441290426768}",20,0,-24.848233361452763,"{0: 18, 1: 0, 2: 1, 3: 0, 4: 1}",0
196,False,"{'a': 0.5, 'e': 0.139475568775225}",25,20,11.287016876374775,"{0: 5, 1: 0, 2: 0, 3: 0, 4: 0}",1
197,False,"{'a': 0.5, 'e': 0.13808081308747275}",20,14,-0.9077456571672666,"{0: 5, 1: 0, 2: 1, 3: 0, 4: 0}",1
198,False,"{'a': 0.5, 'e': 0.136700004956598}",20,13,-41.64615192035508,"{0: 5, 1: 0, 2: 1, 3: 0, 4: 1}",1
199,False,"{'a': 0.5, 'e': 0.13533300490703204}",30,7,9.707089975009637,"{0: 21, 1: 1, 2: 0, 3: 1, 4: 0}",1
200,False,"{'a': 0.5, 'e': 0.13397967485796172}",25,12,-18.90309027169952,"{0: 12, 1: 0, 2: 0, 3: 0, 4: 1}",1
201,False,"{'a': 0.5, 'e': 0.1326398781093821}",20,9,0.961787239078826,"{0: 9, 1: 1, 2: 1, 3: 0, 4: 0}",1
202,False,"{'a': 0.5, 'e': 0.13131347932828827}",20,4,-14.186990392400217,"{0: 15, 1: 0, 2: 0, 3: 0, 4: 1}",1
203,False,"{'a': 0.5, 'e': 0.1300003445350054}",20,9,-31.777450177530365,"{0: 9, 1: 0, 2: 1, 3: 0, 4: 1}",1
204,False,"{'a': 0.5, 'e': 0.12870034108965533}",20,9,-10.401101795454737,"{0: 9, 1: 0, 2: 1, 3: 1, 4: 0}",1
205,False,"{'a': 0.5, 'e': 0.1274133376787588}",25,15,20.67943163472782,"{0: 10, 1: 0, 2: 0, 3: 0, 4: 0}",1
206,False,"{'a': 0.5, 'e': 0.12613920430197118}",30,16,-29.020778321619467,"{0: 11, 1: 1, 2: 1, 3: 0, 4: 1}",1
207,False,"{'a': 0.5, 'e': 0.12487781225895148}",20,0,-25.787676676540297,"{0: 18, 1: 0, 2: 1, 3: 0, 4: 1}",0
208,False,"{'a': 0.5, 'e': 0.12362903413636196}",20,9,8.93556943858341,"{0: 10, 1: 0, 2: 1, 3: 0, 4: 0}",1
209,False,"{'a': 0.5, 'e': 0.12239274379499834}",20,14,12.536180714305619,"{0: 6, 1: 0, 2: 0, 3: 0, 4: 0}",1
210,False,"{'a': 0.5, 'e': 0.12116881635704835}",25,7,6.231963486623459,"{0: 16, 1: 0, 2: 2, 3: 0, 4: 0}",1
211,False,"{'a': 0.5, 'e': 0.11995712819347787}",20,0,24.657568324974484,"{0: 19, 1: 0, 2: 1, 3: 0, 4: 0}",1
212,False,"{'a': 0.5, 'e': 0.11875755691154309}",30,10,-6.92439468591768,"{0: 19, 1: 0, 2: 0, 3: 0, 4: 1}",1
213,False,"{'a': 0.5, 'e': 0.11756998134242766}",35,15,-7.618812796153727,"{0: 19, 1: 0, 2: 0, 3: 0, 4: 1}",1
214,False,"{'a': 0.5, 'e': 0.11639428152900338}",25,19,11.369292909879151,"{0: 6, 1: 0, 2: 0, 3: 0, 4: 0}",1
215,False,"{'a': 0.5, 'e': 0.11523033871371334}",20,8,20.92946934762082,"{0: 12, 1: 0, 2: 0, 3: 0, 4: 0}",1
216,False,"{'a': 0.5, 'e': 0.1140780353265762}",20,16,7.6041479268467045,"{0: 4, 1: 0, 2: 0, 3: 0, 4: 0}",1
217,False,"{'a': 0.5, 'e': 0.11293725497331045}",25,14,23.701384237015226,"{0: 11, 1: 0, 2: 0, 3: 0, 4: 0}",1
218,False,"{'a': 0.5, 'e': 0.11180788242357734}",20,12,3.7697750151509144,"{0: 7, 1: 0, 2: 1, 3: 0, 4: 0}",1
219,False,"{'a': 0.5, 'e': 0.11068980359934157}",20,12,-10.89644495149104,"{0: 7, 1: 0, 2: 0, 3: 1, 4: 0}",1
220,False,"{'a': 0.5, 'e': 0.10958290556334815}",20,0,15.620989273414715,"{0: 19, 1: 0, 2: 1, 3: 0, 4: 0}",0
221,False,"{'a': 0.5, 'e': 0.10848707650771466}",35,23,-21.98434214194902,"{0: 11, 1: 0, 2: 0, 3: 0, 4: 1}",1
222,False,"{'a': 0.5, 'e': 0.10740220574263752}",25,14,19.075957469804905,"{0: 11, 1: 0, 2: 0, 3: 0, 4: 0}",1
223,False,"{'a': 0.5, 'e': 0.10632818368521114}",35,21,23.5404517432165,"{0: 14, 1: 0, 2: 0, 3: 0, 4: 0}",1
224,False,"{'a': 0.5, 'e': 0.10526490184835903}",25,12,18.118326655722257,"{0: 12, 1: 1, 2: 0, 3: 0, 4: 0}",1
225,False,"{'a': 0.5, 'e': 0.10421225282987544}",20,15,2.5578702494324004,"{0: 4, 1: 1, 2: 0, 3: 0, 4: 0}",1
226,False,"{'a': 0.5, 'e': 0.10317013030157669}",25,16,6.730444121345091,"{0: 8, 1: 0, 2: 1, 3: 0, 4: 0}",1
227,False,"{'a': 0.5, 'e': 0.10213842899856092}",30,16,15.606020410983916,"{0: 13, 1: 1, 2: 0, 3: 0, 4: 0}",1
228,False,"{'a': 0.5, 'e': 0.10111704470857531}",25,13,-20.27086428277541,"{0: 11, 1: 0, 2: 0, 3: 0, 4: 1}",1
229,False,"{'a': 0.5, 'e': 0.10010587426148955}",30,12,24.942674730571817,"{0: 17, 1: 0, 2: 1, 3: 0, 4: 0}",1
230,False,"{'a': 0.5, 'e': 0.09910481551887466}",20,1,28.590899439230522,"{0: 19, 1: 0, 2: 0, 3: 0, 4: 0}",1
231,False,"{'a': 0.5, 'e': 0.0981137673636859}",35,27,15.520368613161411,"{0: 8, 1: 0, 2: 0, 3: 0, 4: 0}",1
232,False,"{'a': 0.5, 'e': 0.09713262969004904}",30,19,18.75297207840438,"{0: 11, 1: 0, 2: 0, 3: 0, 4: 0}",1
233,False,"{'a': 0.5, 'e': 0.09616130339314856}",20,1,14.542106604710522,"{0: 17, 1: 1, 2: 1, 3: 0, 4: 0}",1
234,False,"{'a': 0.5, 'e': 0.09519969035921708}",20,4,23.99091321739164,"{0: 16, 1: 0, 2: 0, 3: 0, 4: 0}",1
235,False,"{'a': 0.5, 'e': 0.0942476934556249}",20,6,21.903508157715127,"{0: 14, 1: 0, 2: 0, 3: 0, 4: 0}",1
236,False,"{'a': 0.5, 'e': 0.09330521652106866}",25,0,-1.1476233482248972,"{0: 24, 1: 0, 2: 0, 3: 0, 4: 1}",0
237,False,"{'a': 0.5, 'e': 0.09237216435585796}",20,6,25.694900483477262,"{0: 14, 1: 0, 2: 0, 3: 0, 4: 0}",1
238,False,"{'a': 0.5, 'e': 0.09144844271229938}",20,12,13.263863071174601,"{0: 8, 1: 0, 2: 0, 3: 0, 4: 0}",1
239,False,"{'a': 0.5, 'e': 0.0905339582851764}",20,14,8.023668621674481,"{0: 6, 1: 0, 2: 0, 3: 0, 4: 0}",1
240,False,"{'a': 0.5, 'e': 0.08962861870232462}",20,8,22.594945975217467,"{0: 12, 1: 0, 2: 0, 3: 0, 4: 0}",1
241,False,"{'a': 0.5, 'e': 0.08873233251530138}",35,12,7.280391396532468,"{0: 21, 1: 0, 2: 1, 3: 1, 4: 0}",1
242,False,"{'a': 0.5, 'e': 0.08784500919014836}",25,2,27.070760031726447,"{0: 22, 1: 0, 2: 1, 3: 0, 4: 0}",1
243,False,"{'a': 0.5, 'e': 0.08696655909824688}",25,14,21.783135773795742,"{0: 11, 1: 0, 2: 0, 3: 0, 4: 0}",1
244,False,"{'a': 0.5, 'e': 0.0860968935072644}",25,0,37.939741776070434,"{0: 25, 1: 0, 2: 0, 3: 0, 4: 0}",0
245,False,"{'a': 0.5, 'e': 0.08523592457219176}",20,6,28.618417389379502,"{0: 14, 1: 0, 2: 0, 3: 0, 4: 0}",1
246,False,"{'a': 0.5, 'e': 0.08438356532646984}",30,13,31.50318659847472,"{0: 17, 1: 0, 2: 0, 3: 0, 4: 0}",1
247,False,"{'a': 0.5, 'e': 0.08353972967320515}",20,8,9.293785920453335,"{0: 11, 1: 0, 2: 1, 3: 0, 4: 0}",1
248,False,"{'a': 0.5, 'e': 0.0827043323764731}",20,6,26.329016092192408,"{0: 14, 1: 0, 2: 0, 3: 0, 4: 0}",1
249,False,"{'a': 0.5, 'e': 0.08187728905270836}",20,14,13.387705025170808,"{0: 6, 1: 0, 2: 0, 3: 0, 4: 0}",1
250,False,"{'a': 0.5, 'e': 0.08105851616218128}",20,9,18.02450282738684,"{0: 11, 1: 0, 2: 0, 3: 0, 4: 0}",1
251,False,"{'a': 0.5, 'e': 0.08024793100055946}",25,17,17.364257674560985,"{0: 8, 1: 0, 2: 0, 3: 0, 4: 0}",1
252,False,"{'a': 0.5, 'e': 0.07944545169055386}",20,9,23.256286419747372,"{0: 11, 1: 0, 2: 0, 3: 0, 4: 0}",1
253,False,"{'a': 0.5, 'e': 0.07865099717364833}",20,10,8.976128516845217,"{0: 9, 1: 0, 2: 1, 3: 0, 4: 0}",1
254,False,"{'a': 0.5, 'e': 0.07786448720191184}",20,10,17.10699960974275,"{0: 10, 1: 0, 2: 0, 3: 0, 4: 0}",1
255,False,"{'a': 0.5, 'e': 0.07708584232989273}",20,9,19.907377269991034,"{0: 11, 1: 0, 2: 0, 3: 0, 4: 0}",1
256,False,"{'a': 0.5, 'e': 0.0763149839065938}",30,18,22.38915075898988,"{0: 12, 1: 0, 2: 0, 3: 0, 4: 0}",1
257,False,"{'a': 0.5, 'e': 0.07555183406752786}",20,11,14.839875021341088,"{0: 9, 1: 0, 2: 0, 3: 0, 4: 0}",1
258,False,"{'a': 0.5, 'e': 0.07479631572685258}",20,6,25.91640168925601,"{0: 14, 1: 0, 2: 0, 3: 0, 4: 0}",1
259,False,"{'a': 0.5, 'e': 0.07404835256958406}",25,17,17.330130529036513,"{0: 8, 1: 0, 2: 0, 3: 0, 4: 0}",1
260,False,"{'a': 0.5, 'e': 0.07330786904388821}",20,9,23.433178982204392,"{0: 11, 1: 0, 2: 0, 3: 0, 4: 0}",1
261,False,"{'a': 0.5, 'e': 0.07257479035344933}",20,13,-0.7511247482126686,"{0: 5, 1: 2, 2: 0, 3: 0, 4: 0}",1
262,False,"{'a': 0.5, 'e': 0.07184904244991483}",20,8,19.149552013685376,"{0: 12, 1: 0, 2: 0, 3: 0, 4: 0}",1
263,False,"{'a': 0.5, 'e': 0.07113055202541568}",30,22,11.726642364387239,"{0: 8, 1: 0, 2: 0, 3: 0, 4: 0}",1
264,False,"{'a': 0.5, 'e': 0.07041924650516153}",30,11,32.23984739605504,"{0: 19, 1: 0, 2: 0, 3: 0, 4: 0}",1
265,False,"{'a': 0.5, 'e': 0.06971505404010991}",25,14,17.649056587747797,"{0: 11, 1: 0, 2: 0, 3: 0, 4: 0}",1
266,False,"{'a': 0.5, 'e': 0.06901790349970881}",20,12,16.303202494646737,"{0: 8, 1: 0, 2: 0, 3: 0, 4: 0}",1
267,False,"{'a': 0.5, 'e': 0.06832772446471172}",35,25,18.033619358582637,"{0: 10, 1: 0, 2: 0, 3: 0, 4: 0}",1
268,False,"{'a': 0.5, 'e': 0.0676444472200646}",20,10,15.01777010460413,"{0: 10, 1: 0, 2: 0, 3: 0, 4: 0}",1
269,False,"{'a': 0.5, 'e': 0.06696800274786396}",25,14,5.018033908162785,"{0: 10, 1: 0, 2: 1, 3: 0, 4: 0}",1
270,False,"{'a': 0.5, 'e': 0.06629832272038531}",25,18,13.713537357074717,"{0: 7, 1: 0, 2: 0, 3: 0, 4: 0}",1
271,False,"{'a': 0.5, 'e': 0.06563533949318147}",25,13,18.30271435263285,"{0: 12, 1: 0, 2: 0, 3: 0, 4: 0}",1
272,False,"{'a': 0.5, 'e': 0.06497898609824965}",25,19,11.239799912063098,"{0: 6, 1: 0, 2: 0, 3: 0, 4: 0}",1
273,False,"{'a': 0.5, 'e': 0.06432919623726716}",20,10,17.799993425910813,"{0: 10, 1: 0, 2: 0, 3: 0, 4: 0}",1
274,False,"{'a': 0.5, 'e': 0.06368590427489448}",25,12,22.100067003974466,"{0: 13, 1: 0, 2: 0, 3: 0, 4: 0}",1
275,False,"{'a': 0.5, 'e': 0.06304904523214554}",20,6,27.774333787177586,"{0: 14, 1: 0, 2: 0, 3: 0, 4: 0}",1
276,False,"{'a': 0.5, 'e': 0.06241855477982408}",30,19,15.738514369609073,"{0: 11, 1: 0, 2: 0, 3: 0, 4: 0}",1
277,False,"{'a': 0.5, 'e': 0.06179436923202584}",25,14,21.378789646580614,"{0: 11, 1: 0, 2: 0, 3: 0, 4: 0}",1
278,False,"{'a': 0.5, 'e': 0.06117642553970558}",20,9,19.792193466547094,"{0: 11, 1: 0, 2: 0, 3: 0, 4: 0}",1
279,False,"{'a': 0.5, 'e': 0.06056466128430853}",20,4,7.651157438209724,"{0: 14, 1: 1, 2: 1, 3: 0, 4: 0}",1
280,False,"{'a': 0.5, 'e': 0.05995901467146544}",20,12,14.898272544785522,"{0: 8, 1: 0, 2: 0, 3: 0, 4: 0}",1
281,False,"{'a': 0.5, 'e': 0.059359424524750785}",20,7,-19.28519375452622,"{0: 12, 1: 0, 2: 0, 3: 0, 4: 1}",1
282,False,"{'a': 0.5, 'e': 0.05876583027950327}",30,18,19.341072508402362,"{0: 12, 1: 0, 2: 0, 3: 0, 4: 0}",1
283,False,"{'a': 0.5, 'e': 0.05817817197670824}",25,12,23.75581098003871,"{0: 13, 1: 0, 2: 0, 3: 0, 4: 0}",1
284,False,"{'a': 0.5, 'e': 0.05759639025694116}",20,5,24.34132214923046,"{0: 15, 1: 0, 2: 0, 3: 0, 4: 0}",1
285,False,"{'a': 0.5, 'e': 0.057020426354371746}",20,16,7.190507594926828,"{0: 4, 1: 0, 2: 0, 3: 0, 4: 0}",1
286,False,"{'a': 0.5, 'e': 0.05645022209082803}",25,15,23.411767835641513,"{0: 10, 1: 0, 2: 0, 3: 0, 4: 0}",1
287,False,"{'a': 0.5, 'e': 0.05588571986991975}",30,13,17.63857772668408,"{0: 16, 1: 0, 2: 1, 3: 0, 4: 0}",1
288,False,"{'a': 0.5, 'e': 0.05532686267122055}",20,12,17.065808943497647,"{0: 8, 1: 0, 2: 0, 3: 0, 4: 0}",1
289,False,"{'a': 0.5, 'e': 0.05477359404450834}",25,15,17.22942229812115,"{0: 10, 1: 0, 2: 0, 3: 0, 4: 0}",1
290,False,"{'a': 0.5, 'e': 0.05422585810406326}",20,9,7.679104707180308,"{0: 10, 1: 0, 2: 1, 3: 0, 4: 0}",1
291,False,"{'a': 0.5, 'e': 0.05368359952302263}",20,16,9.044592462005857,"{0: 4, 1: 0, 2: 0, 3: 0, 4: 0}",1
292,False,"{'a': 0.5, 'e': 0.0531467635277924}",25,14,19.66221212297226,"{0: 11, 1: 0, 2: 0, 3: 0, 4: 0}",1
293,False,"{'a': 0.5, 'e': 0.05261529589251448}",25,11,26.384547618458488,"{0: 14, 1: 0, 2: 0, 3: 0, 4: 0}",1
294,False,"{'a': 0.5, 'e': 0.05208914293358933}",25,8,33.036947756305665,"{0: 17, 1: 0, 2: 0, 3: 0, 4: 0}",1
295,False,"{'a': 0.5, 'e': 0.05156825150425344}",25,17,17.079283236887143,"{0: 8, 1: 0, 2: 0, 3: 0, 4: 0}",1
296,False,"{'a': 0.5, 'e': 0.0510525689892109}",20,11,9.105153186905879,"{0: 8, 1: 1, 2: 0, 3: 0, 4: 0}",1
297,False,"{'a': 0.5, 'e': 0.050542043299318794}",20,10,17.636868858053624,"{0: 10, 1: 0, 2: 0, 3: 0, 4: 0}",1
298,False,"{'a': 0.5, 'e': 0.050036622866325604}",20,12,15.045370241880363,"{0: 8, 1: 0, 2: 0, 3: 0, 4: 0}",1
299,False,"{'a': 0.5, 'e': 0.04953625663766235}",30,12,27.107162374245185,"{0: 17, 1: 1, 2: 0, 3: 0, 4: 0}",1
300,False,"{'a': 0.5, 'e': 0.04904089407128572}",20,15,10.791785583300289,"{0: 5, 1: 0, 2: 0, 3: 0, 4: 0}",1
301,False,"{'a': 0.5, 'e': 0.04855048513057287}",30,19,21.89343143114695,"{0: 11, 1: 0, 2: 0, 3: 0, 4: 0}",1
302,False,"{'a': 0.5, 'e': 0.04806498027926714}",20,12,14.044412386932262,"{0: 8, 1: 0, 2: 0, 3: 0, 4: 0}",1
303,False,"{'a': 0.5, 'e': 0.047584330476474465}",20,8,17.01862310334225,"{0: 12, 1: 0, 2: 0, 3: 0, 4: 0}",1
304,False,"{'a': 0.5, 'e': 0.04710848717170972}",20,15,10.382247972883185,"{0: 5, 1: 0, 2: 0, 3: 0, 4: 0}",1
305,False,"{'a': 0.5, 'e': 0.04663740229999262}",30,19,18.55757663803157,"{0: 11, 1: 0, 2: 0, 3: 0, 4: 0}",1
306,False,"{'a': 0.5, 'e': 0.046171028276992696}",25,14,22.100227301877233,"{0: 11, 1: 0, 2: 0, 3: 0, 4: 0}",1
307,False,"{'a': 0.5, 'e': 0.045709317994222766}",20,13,11.941032788581595,"{0: 7, 1: 0, 2: 0, 3: 0, 4: 0}",1
308,False,"{'a': 0.5, 'e': 0.04525222481428054}",20,14,9.475885165987998,"{0: 6, 1: 0, 2: 0, 3: 0, 4: 0}",1
309,False,"{'a': 0.5, 'e': 0.04479970256613774}",20,16,7.952678865426083,"{0: 4, 1: 0, 2: 0, 3: 0, 4: 0}",1
310,False,"{'a': 0.5, 'e': 0.044351705540476356}",20,14,11.933770342974416,"{0: 6, 1: 0, 2: 0, 3: 0, 4: 0}",1
311,False,"{'a': 0.5, 'e': 0.043908188485071595}",25,13,24.064229701307813,"{0: 12, 1: 0, 2: 0, 3: 0, 4: 0}",1
312,False,"{'a': 0.5, 'e': 0.04346910660022087}",30,13,31.86722467601141,"{0: 17, 1: 0, 2: 0, 3: 0, 4: 0}",1
313,False,"{'a': 0.5, 'e': 0.04303441553421867}",20,3,28.004336016182627,"{0: 17, 1: 0, 2: 0, 3: 0, 4: 0}",1
314,False,"{'a': 0.5, 'e': 0.04260407137887648}",20,2,-23.23260205296487,"{0: 16, 1: 1, 2: 0, 3: 0, 4: 1}",1
315,False,"{'a': 0.5, 'e': 0.04217803066508771}",25,0,30.95387194418031,"{0: 24, 1: 1, 2: 0, 3: 0, 4: 0}",0
316,False,"{'a': 0.5, 'e': 0.04175625035843684}",25,20,8.302919547571722,"{0: 5, 1: 0, 2: 0, 3: 0, 4: 0}",1
317,False,"{'a': 0.5, 'e': 0.04133868785485247}",25,18,15.137727920137577,"{0: 7, 1: 0, 2: 0, 3: 0, 4: 0}",1
318,False,"{'a': 0.5, 'e': 0.040925300976303945}",25,14,22.66350609831204,"{0: 11, 1: 0, 2: 0, 3: 0, 4: 0}",1
319,False,"{'a': 0.5, 'e': 0.0405160479665409}",30,13,33.017864543289015,"{0: 17, 1: 0, 2: 0, 3: 0, 4: 0}",1
320,False,"{'a': 0.5, 'e': 0.040110887486875496}",20,12,18.19896253898998,"{0: 8, 1: 0, 2: 0, 3: 0, 4: 0}",1
321,False,"{'a': 0.5, 'e': 0.03970977861200674}",20,12,14.439036131923817,"{0: 8, 1: 0, 2: 0, 3: 0, 4: 0}",1
322,False,"{'a': 0.5, 'e': 0.039312680825886674}",25,17,14.656944005047475,"{0: 8, 1: 0, 2: 0, 3: 0, 4: 0}",1
323,False,"{'a': 0.5, 'e': 0.038919554017627804}",20,5,15.60164077975103,"{0: 14, 1: 0, 2: 1, 3: 0, 4: 0}",1
324,False,"{'a': 0.5, 'e': 0.03853035847745152}",25,14,18.29946700496143,"{0: 11, 1: 0, 2: 0, 3: 0, 4: 0}",1
325,False,"{'a': 0.5, 'e': 0.03814505489267701}",20,12,15.93899438516677,"{0: 8, 1: 0, 2: 0, 3: 0, 4: 0}",1
326,False,"{'a': 0.5, 'e': 0.03776360434375024}",25,13,21.350871816923377,"{0: 12, 1: 0, 2: 0, 3: 0, 4: 0}",1
327,False,"{'a': 0.5, 'e': 0.03738596830031274}",25,14,23.233346478802872,"{0: 11, 1: 0, 2: 0, 3: 0, 4: 0}",1
328,False,"{'a': 0.5, 'e': 0.03701210861730961}",35,18,35.14611781483034,"{0: 17, 1: 0, 2: 0, 3: 0, 4: 0}",1
329,False,"{'a': 0.5, 'e': 0.03664198753113651}",30,18,21.72888086104887,"{0: 12, 1: 0, 2: 0, 3: 0, 4: 0}",1
330,False,"{'a': 0.5, 'e': 0.036275567655825146}",25,16,17.71584866784825,"{0: 9, 1: 0, 2: 0, 3: 0, 4: 0}",1
331,False,"{'a': 0.5, 'e': 0.0359128119792669}",20,13,12.497486376776397,"{0: 7, 1: 0, 2: 0, 3: 0, 4: 0}",1
332,False,"{'a': 0.5, 'e': 0.035553683859474224}",35,13,41.76939085362218,"{0: 22, 1: 0, 2: 0, 3: 0, 4: 0}",1
333,False,"{'a': 0.5, 'e': 0.035198147020879485}",20,15,7.92498715707783,"{0: 5, 1: 0, 2: 0, 3: 0, 4: 0}",1
334,False,"{'a': 0.5, 'e': 0.03484616555067069}",25,17,19.61916986441647,"{0: 8, 1: 0, 2: 0, 3: 0, 4: 0}",1
335,False,"{'a': 0.5, 'e': 0.03449770389516398}",20,12,4.8796673994090884,"{0: 7, 1: 1, 2: 0, 3: 0, 4: 0}",1
336,False,"{'a': 0.5, 'e': 0.03415272685621234}",20,11,16.886894892574286,"{0: 9, 1: 0, 2: 0, 3: 0, 4: 0}",1
337,False,"{'a': 0.5, 'e': 0.03381119958765022}",25,17,15.280167660280991,"{0: 8, 1: 0, 2: 0, 3: 0, 4: 0}",1
338,False,"{'a': 0.5, 'e': 0.03347308759177372}",20,10,15.873580869518863,"{0: 10, 1: 0, 2: 0, 3: 0, 4: 0}",1
339,False,"{'a': 0.5, 'e': 0.03313835671585598}",20,11,17.591407324818285,"{0: 9, 1: 0, 2: 0, 3: 0, 4: 0}",1
340,False,"{'a': 0.5, 'e': 0.03280697314869742}",25,2,38.597885693030946,"{0: 23, 1: 0, 2: 0, 3: 0, 4: 0}",1
341,False,"{'a': 0.5, 'e': 0.03247890341721044}",20,16,6.976007297010256,"{0: 4, 1: 0, 2: 0, 3: 0, 4: 0}",1
342,False,"{'a': 0.5, 'e': 0.03215411438303834}",20,0,27.760487521175186,"{0: 20, 1: 0, 2: 0, 3: 0, 4: 0}",0
343,False,"{'a': 0.5, 'e': 0.031832573239207955}",25,16,18.424523381392895,"{0: 9, 1: 0, 2: 0, 3: 0, 4: 0}",1
344,False,"{'a': 0.5, 'e': 0.031514247506815876}",30,13,30.516299615173693,"{0: 17, 1: 0, 2: 0, 3: 0, 4: 0}",1
345,False,"{'a': 0.5, 'e': 0.031199105031747717}",20,0,31.240900425097234,"{0: 20, 1: 0, 2: 0, 3: 0, 4: 0}",1
346,False,"{'a': 0.5, 'e': 0.03088711398143024}",25,13,21.27887204328065,"{0: 12, 1: 0, 2: 0, 3: 0, 4: 0}",1
347,False,"{'a': 0.5, 'e': 0.030578242841615935}",20,9,20.895088237501326,"{0: 11, 1: 0, 2: 0, 3: 0, 4: 0}",1
348,False,"{'a': 0.5, 'e': 0.030272460413199778}",20,12,18.71424471195165,"{0: 8, 1: 0, 2: 0, 3: 0, 4: 0}",1
349,False,"{'a': 0.5, 'e': 0.02996973580906778}",30,13,30.723852676060826,"{0: 17, 1: 0, 2: 0, 3: 0, 4: 0}",1
350,False,"{'a': 0.5, 'e': 0.029670038450977102}",20,11,18.91513515133664,"{0: 9, 1: 0, 2: 0, 3: 0, 4: 0}",1
351,False,"{'a': 0.5, 'e': 0.02937333806646733}",30,16,26.011822329389805,"{0: 14, 1: 0, 2: 0, 3: 0, 4: 0}",1
352,False,"{'a': 0.5, 'e': 0.029079604685802656}",20,12,14.881491692372213,"{0: 8, 1: 0, 2: 0, 3: 0, 4: 0}",1
353,False,"{'a': 0.5, 'e': 0.02878880863894463}",20,0,31.739143546916377,"{0: 20, 1: 0, 2: 0, 3: 0, 4: 0}",1
354,False,"{'a': 0.5, 'e': 0.02850092055255518}",25,0,38.076519110112834,"{0: 25, 1: 0, 2: 0, 3: 0, 4: 0}",0
355,False,"{'a': 0.5, 'e': 0.02821591134702963}",30,16,22.74828216740832,"{0: 14, 1: 0, 2: 0, 3: 0, 4: 0}",1
356,False,"{'a': 0.5, 'e': 0.027933752233559334}",35,28,14.461986828758146,"{0: 7, 1: 0, 2: 0, 3: 0, 4: 0}",1
357,False,"{'a': 0.5, 'e': 0.027654414711223742}",25,14,20.633713893586958,"{0: 11, 1: 0, 2: 0, 3: 0, 4: 0}",1
358,False,"{'a': 0.5, 'e': 0.027377870564111503}",25,13,11.62614581596258,"{0: 11, 1: 0, 2: 1, 3: 0, 4: 0}",1
359,False,"{'a': 0.5, 'e': 0.02710409185847039}",25,20,9.614132483853602,"{0: 5, 1: 0, 2: 0, 3: 0, 4: 0}",1
360,False,"{'a': 0.5, 'e': 0.026833050939885684}",20,10,16.68051805591796,"{0: 10, 1: 0, 2: 0, 3: 0, 4: 0}",1
361,False,"{'a': 0.5, 'e': 0.026564720430486827}",20,8,21.93991276339583,"{0: 12, 1: 0, 2: 0, 3: 0, 4: 0}",1
362,False,"{'a': 0.5, 'e': 0.026299073226181958}",25,10,30.854429962641472,"{0: 15, 1: 0, 2: 0, 3: 0, 4: 0}",1
363,False,"{'a': 0.5, 'e': 0.026036082493920136}",25,12,20.452966062113255,"{0: 13, 1: 0, 2: 0, 3: 0, 4: 0}",1
364,False,"{'a': 0.5, 'e': 0.025775721668980935}",20,3,28.462213217458856,"{0: 17, 1: 0, 2: 0, 3: 0, 4: 0}",1
365,False,"{'a': 0.5, 'e': 0.025517964452291125}",20,0,-21.15640908471615,"{0: 18, 1: 0, 2: 1, 3: 0, 4: 1}",1
366,False,"{'a': 0.5, 'e': 0.025262784807768213}",20,11,15.785599456169226,"{0: 9, 1: 0, 2: 0, 3: 0, 4: 0}",1
367,False,"{'a': 0.5, 'e': 0.025010156959690534}",20,13,11.134474119175636,"{0: 7, 1: 0, 2: 0, 3: 0, 4: 0}",1
368,False,"{'a': 0.5, 'e': 0.024760055390093627}",20,9,23.141609480965382,"{0: 11, 1: 0, 2: 0, 3: 0, 4: 0}",1
369,False,"{'a': 0.5, 'e': 0.02451245483619269}",20,15,9.72637201969201,"{0: 5, 1: 0, 2: 0, 3: 0, 4: 0}",1
370,False,"{'a': 0.5, 'e': 0.024267330287830763}",35,23,25.01267247990003,"{0: 12, 1: 0, 2: 0, 3: 0, 4: 0}",1
371,False,"{'a': 0.5, 'e': 0.024024656984952455}",20,14,4.573861266997387,"{0: 5, 1: 1, 2: 0, 3: 0, 4: 0}",1
372,False,"{'a': 0.5, 'e': 0.02378441041510293}",25,18,12.045531528413546,"{0: 7, 1: 0, 2: 0, 3: 0, 4: 0}",1
373,False,"{'a': 0.5, 'e': 0.0235465663109519}",20,13,15.65382763221729,"{0: 7, 1: 0, 2: 0, 3: 0, 4: 0}",1
374,False,"{'a': 0.5, 'e': 0.02331110064784238}",25,11,28.52082274297525,"{0: 14, 1: 0, 2: 0, 3: 0, 4: 0}",1
375,False,"{'a': 0.5, 'e': 0.02307798964136396}",20,0,31.65727799595152,"{0: 20, 1: 0, 2: 0, 3: 0, 4: 0}",1
376,False,"{'a': 0.5, 'e': 0.022847209744950317}",20,9,19.607554783707037,"{0: 11, 1: 0, 2: 0, 3: 0, 4: 0}",1
377,False,"{'a': 0.5, 'e': 0.022618737647500813}",30,3,48.46467733991616,"{0: 27, 1: 0, 2: 0, 3: 0, 4: 0}",1
378,False,"{'a': 0.5, 'e': 0.022392550271025807}",20,12,13.837477849812265,"{0: 8, 1: 0, 2: 0, 3: 0, 4: 0}",1
379,False,"{'a': 0.5, 'e': 0.022168624768315548}",25,17,16.894237985018737,"{0: 8, 1: 0, 2: 0, 3: 0, 4: 0}",1
380,False,"{'a': 0.5, 'e': 0.021946938520632394}",20,12,15.330533982280858,"{0: 8, 1: 0, 2: 0, 3: 0, 4: 0}",1
381,False,"{'a': 0.5, 'e': 0.02172746913542607}",20,10,10.116163231642695,"{0: 9, 1: 0, 2: 1, 3: 0, 4: 0}",1
382,False,"{'a': 0.5, 'e': 0.021510194444071807}",20,13,12.656112828744039,"{0: 7, 1: 0, 2: 0, 3: 0, 4: 0}",1
383,False,"{'a': 0.5, 'e': 0.021295092499631088}",20,11,17.21054328173899,"{0: 9, 1: 0, 2: 0, 3: 0, 4: 0}",1
384,False,"{'a': 0.5, 'e': 0.02108214157463478}",20,0,32.57040828464541,"{0: 20, 1: 0, 2: 0, 3: 0, 4: 0}",0
385,False,"{'a': 0.5, 'e': 0.02087132015888843}",20,7,-19.81280880119278,"{0: 12, 1: 0, 2: 0, 3: 0, 4: 1}",1
386,False,"{'a': 0.5, 'e': 0.020662606957299545}",25,12,23.77197135517781,"{0: 13, 1: 0, 2: 0, 3: 0, 4: 0}",1
387,False,"{'a': 0.5, 'e': 0.02045598088772655}",25,17,14.379930930429962,"{0: 8, 1: 0, 2: 0, 3: 0, 4: 0}",1
388,False,"{'a': 0.5, 'e': 0.020251421078849283}",30,15,20.45360149158906,"{0: 14, 1: 1, 2: 0, 3: 0, 4: 0}",1
389,False,"{'a': 0.5, 'e': 0.02004890686806079}",30,12,35.841836316457254,"{0: 18, 1: 0, 2: 0, 3: 0, 4: 0}",1
390,False,"{'a': 0.5, 'e': 0.019848417799380184}",25,18,15.445257069378814,"{0: 7, 1: 0, 2: 0, 3: 0, 4: 0}",1
391,False,"{'a': 0.5, 'e': 0.01964993362138638}",30,23,10.742693693372644,"{0: 7, 1: 0, 2: 0, 3: 0, 4: 0}",1
392,False,"{'a': 0.5, 'e': 0.019453434285172516}",25,14,22.76268385804296,"{0: 11, 1: 0, 2: 0, 3: 0, 4: 0}",1
393,False,"{'a': 0.5, 'e': 0.01925889994232079}",20,5,27.60092361794112,"{0: 15, 1: 0, 2: 0, 3: 0, 4: 0}",1
394,False,"{'a': 0.5, 'e': 0.019066310942897582}",25,8,25.50600388822953,"{0: 17, 1: 0, 2: 0, 3: 0, 4: 0}",1
395,False,"{'a': 0.5, 'e': 0.01887564783346861}",20,6,27.31095910301844,"{0: 14, 1: 0, 2: 0, 3: 0, 4: 0}",1
396,False,"{'a': 0.5, 'e': 0.018686891355133923}",20,9,24.09451837086009,"{0: 11, 1: 0, 2: 0, 3: 0, 4: 0}",1
397,False,"{'a': 0.5, 'e': 0.01850002244158258}",25,18,12.419603417512029,"{0: 7, 1: 0, 2: 0, 3: 0, 4: 0}",1
398,False,"{'a': 0.5, 'e': 0.018315022217166757}",25,7,34.1940765544503,"{0: 18, 1: 0, 2: 0, 3: 0, 4: 0}",1
399,False,"{'a': 0.5, 'e': 0.018131871994995087}",20,16,7.769683811111863,"{0: 4, 1: 0, 2: 0, 3: 0, 4: 0}",1
400,False,"{'a': 0.5, 'e': 0.017950553275045137}",20,7,13.602192044855695,"{0: 12, 1: 0, 2: 1, 3: 0, 4: 0}",1
401,False,"{'a': 0.5, 'e': 0.017771047742294686}",30,15,17.68030517117412,"{0: 14, 1: 0, 2: 1, 3: 0, 4: 0}",1
402,False,"{'a': 0.5, 'e': 0.01759333726487174}",20,13,12.699846461190106,"{0: 7, 1: 0, 2: 0, 3: 0, 4: 0}",1
403,False,"{'a': 0.5, 'e': 0.017417403892223023}",25,13,23.51732132078245,"{0: 12, 1: 0, 2: 0, 3: 0, 4: 0}",1
404,False,"{'a': 0.5, 'e': 0.01724322985330079}",30,22,12.629551917341669,"{0: 8, 1: 0, 2: 0, 3: 0, 4: 0}",1
405,False,"{'a': 0.5, 'e': 0.017070797554767782}",25,17,14.490049407544909,"{0: 8, 1: 0, 2: 0, 3: 0, 4: 0}",1
406,False,"{'a': 0.5, 'e': 0.016900089579220106}",20,9,20.526851216215245,"{0: 11, 1: 0, 2: 0, 3: 0, 4: 0}",1
407,False,"{'a': 0.5, 'e': 0.016731088683427903}",20,16,8.707870614816985,"{0: 4, 1: 0, 2: 0, 3: 0, 4: 0}",1
408,False,"{'a': 0.5, 'e': 0.016563777796593626}",20,14,12.140887183640164,"{0: 6, 1: 0, 2: 0, 3: 0, 4: 0}",1
409,False,"{'a': 0.5, 'e': 0.016398140018627688}",20,15,8.084099348626339,"{0: 5, 1: 0, 2: 0, 3: 0, 4: 0}",1
410,False,"{'a': 0.5, 'e': 0.01623415861844141}",25,15,22.79854137142061,"{0: 10, 1: 0, 2: 0, 3: 0, 4: 0}",1
411,False,"{'a': 0.5, 'e': 0.016071817032256998}",20,0,30.186603607742494,"{0: 20, 1: 0, 2: 0, 3: 0, 4: 0}",0
412,False,"{'a': 0.5, 'e': 0.015911098861934425}",25,11,26.276001058061237,"{0: 14, 1: 0, 2: 0, 3: 0, 4: 0}",1
413,False,"{'a': 0.5, 'e': 0.015751987873315082}",20,8,23.057132385944286,"{0: 12, 1: 0, 2: 0, 3: 0, 4: 0}",1
414,False,"{'a': 0.5, 'e': 0.015594467994581931}",20,14,10.67990636512092,"{0: 6, 1: 0, 2: 0, 3: 0, 4: 0}",1
415,False,"{'a': 0.5, 'e': 0.015438523314636111}",20,8,22.430928955334508,"{0: 12, 1: 0, 2: 0, 3: 0, 4: 0}",1
416,False,"{'a': 0.5, 'e': 0.01528413808148975}",25,16,18.51943575674231,"{0: 9, 1: 0, 2: 0, 3: 0, 4: 0}",1
417,False,"{'a': 0.5, 'e': 0.015131296700674854}",35,18,31.172100384671356,"{0: 17, 1: 0, 2: 0, 3: 0, 4: 0}",1
418,False,"{'a': 0.5, 'e': 0.014979983733668104}",20,10,18.982888667588824,"{0: 10, 1: 0, 2: 0, 3: 0, 4: 0}",1
419,False,"{'a': 0.5, 'e': 0.014830183896331423}",25,14,21.527550239409475,"{0: 11, 1: 0, 2: 0, 3: 0, 4: 0}",1
420,False,"{'a': 0.5, 'e': 0.014681882057368109}",20,1,30.368454940879644,"{0: 19, 1: 0, 2: 0, 3: 0, 4: 0}",1
421,False,"{'a': 0.5, 'e': 0.014535063236794427}",20,10,-20.914608709562987,"{0: 9, 1: 0, 2: 0, 3: 0, 4: 1}",1
422,False,"{'a': 0.5, 'e': 0.014389712604426484}",25,15,20.754956171613035,"{0: 10, 1: 0, 2: 0, 3: 0, 4: 0}",1
423,False,"{'a': 0.5, 'e': 0.014245815478382218}",25,15,6.732181206713414,"{0: 9, 1: 0, 2: 1, 3: 0, 4: 0}",1
424,False,"{'a': 0.5, 'e': 0.014103357323598397}",20,14,13.27455300129027,"{0: 6, 1: 0, 2: 0, 3: 0, 4: 0}",1
425,False,"{'a': 0.5, 'e': 0.013962323750362412}",30,16,31.58151650592771,"{0: 14, 1: 0, 2: 0, 3: 0, 4: 0}",1
426,False,"{'a': 0.5, 'e': 0.013822700512858787}",20,14,13.485816260464869,"{0: 6, 1: 0, 2: 0, 3: 0, 4: 0}",1
427,False,"{'a': 0.5, 'e': 0.013684473507730199}",20,16,8.038482564431181,"{0: 4, 1: 0, 2: 0, 3: 0, 4: 0}",1
428,False,"{'a': 0.5, 'e': 0.013547628772652897}",20,12,14.569255568236816,"{0: 8, 1: 0, 2: 0, 3: 0, 4: 0}",1
429,False,"{'a': 0.5, 'e': 0.013412152484926368}",20,16,6.515792898621442,"{0: 4, 1: 0, 2: 0, 3: 0, 4: 0}",1
430,False,"{'a': 0.5, 'e': 0.013278030960077104}",20,14,12.165826536213688,"{0: 6, 1: 0, 2: 0, 3: 0, 4: 0}",1
431,False,"{'a': 0.5, 'e': 0.013145250650476333}",25,15,20.2158531823476,"{0: 10, 1: 0, 2: 0, 3: 0, 4: 0}",1
432,False,"{'a': 0.5, 'e': 0.01301379814397157}",20,16,4.914730199349607,"{0: 4, 1: 0, 2: 0, 3: 0, 4: 0}",1
433,False,"{'a': 0.5, 'e': 0.012883660162531854}",20,12,15.855955289012307,"{0: 8, 1: 0, 2: 0, 3: 0, 4: 0}",1
434,False,"{'a': 0.5, 'e': 0.012754823560906535}",25,11,28.54139417866613,"{0: 14, 1: 0, 2: 0, 3: 0, 4: 0}",1
435,False,"{'a': 0.5, 'e': 0.01262727532529747}",25,11,22.811069376413663,"{0: 14, 1: 0, 2: 0, 3: 0, 4: 0}",1
436,False,"{'a': 0.5, 'e': 0.012501002572044496}",25,19,12.628833791016937,"{0: 6, 1: 0, 2: 0, 3: 0, 4: 0}",1
437,False,"{'a': 0.5, 'e': 0.01237599254632405}",20,3,30.267303664607656,"{0: 17, 1: 0, 2: 0, 3: 0, 4: 0}",1
438,False,"{'a': 0.5, 'e': 0.012252232620860809}",25,7,28.759345747770315,"{0: 18, 1: 0, 2: 0, 3: 0, 4: 0}",1
439,False,"{'a': 0.5, 'e': 0.012129710294652202}",25,5,35.70628763331355,"{0: 20, 1: 0, 2: 0, 3: 0, 4: 0}",1
440,False,"{'a': 0.5, 'e': 0.01200841319170568}",25,12,25.931788541536783,"{0: 13, 1: 0, 2: 0, 3: 0, 4: 0}",1
441,False,"{'a': 0.5, 'e': 0.011888329059788622}",25,20,8.23609665379222,"{0: 5, 1: 0, 2: 0, 3: 0, 4: 0}",1
442,False,"{'a': 0.5, 'e': 0.011769445769190735}",20,14,9.60463416002064,"{0: 6, 1: 0, 2: 0, 3: 0, 4: 0}",1
443,False,"{'a': 0.5, 'e': 0.011651751311498829}",30,18,26.984847687084248,"{0: 12, 1: 0, 2: 0, 3: 0, 4: 0}",1
444,False,"{'a': 0.5, 'e': 0.01153523379838384}",20,11,15.616567004298975,"{0: 9, 1: 0, 2: 0, 3: 0, 4: 0}",1
445,False,"{'a': 0.5, 'e': 0.011419881460400001}",25,15,16.714712690799054,"{0: 10, 1: 0, 2: 0, 3: 0, 4: 0}",1
446,False,"{'a': 0.5, 'e': 0.011305682645796001}",20,14,12.65207685657125,"{0: 6, 1: 0, 2: 0, 3: 0, 4: 0}",1
447,False,"{'a': 0.5, 'e': 0.011192625819338041}",25,15,20.159566389847715,"{0: 10, 1: 0, 2: 0, 3: 0, 4: 0}",1
448,False,"{'a': 0.5, 'e': 0.011080699561144661}",25,16,16.36857705112205,"{0: 9, 1: 0, 2: 0, 3: 0, 4: 0}",1
449,False,"{'a': 0.5, 'e': 0.010969892565533214}",25,8,29.13164660194628,"{0: 17, 1: 0, 2: 0, 3: 0, 4: 0}",1
450,False,"{'a': 0.5, 'e': 0.010860193639877882}",20,16,9.913033986576297,"{0: 4, 1: 0, 2: 0, 3: 0, 4: 0}",1
451,False,"{'a': 0.5, 'e': 0.010751591703479103}",20,15,8.066307419902127,"{0: 5, 1: 0, 2: 0, 3: 0, 4: 0}",1
452,False,"{'a': 0.5, 'e': 0.010644075786444312}",25,11,23.794549407605913,"{0: 14, 1: 0, 2: 0, 3: 0, 4: 0}",1
453,False,"{'a': 0.5, 'e': 0.01053763502857987}",20,11,19.184332576012686,"{0: 9, 1: 0, 2: 0, 3: 0, 4: 0}",1
454,False,"{'a': 0.5, 'e': 0.01043225867829407}",25,15,16.073051712874562,"{0: 10, 1: 0, 2: 0, 3: 0, 4: 0}",1
455,False,"{'a': 0.5, 'e': 0.01032793609151113}",25,14,22.66766249632509,"{0: 11, 1: 0, 2: 0, 3: 0, 4: 0}",1
456,False,"{'a': 0.5, 'e': 0.010224656730596018}",25,19,11.27942832109085,"{0: 6, 1: 0, 2: 0, 3: 0, 4: 0}",1
457,False,"{'a': 0.5, 'e': 0.010122410163290057}",30,16,25.40657708795194,"{0: 14, 1: 0, 2: 0, 3: 0, 4: 0}",1
458,False,"{'a': 0.5, 'e': 0.010021186061657156}",30,12,29.993622508517696,"{0: 18, 1: 0, 2: 0, 3: 0, 4: 0}",1
459,False,"{'a': 0.5, 'e': 0.009920974201040586}",25,14,24.659495765251133,"{0: 11, 1: 0, 2: 0, 3: 0, 4: 0}",1
460,False,"{'a': 0.5, 'e': 0.009821764459030179}",30,12,34.35645614309764,"{0: 18, 1: 0, 2: 0, 3: 0, 4: 0}",1
461,False,"{'a': 0.5, 'e': 0.009723546814439878}",30,22,15.452962772418916,"{0: 8, 1: 0, 2: 0, 3: 0, 4: 0}",1
462,False,"{'a': 0.5, 'e': 0.009626311346295479}",25,13,21.163673151679568,"{0: 12, 1: 0, 2: 0, 3: 0, 4: 0}",1
463,False,"{'a': 0.5, 'e': 0.009530048232832523}",20,12,1.3065197574350136,"{0: 7, 1: 0, 2: 1, 3: 0, 4: 0}",1
464,False,"{'a': 0.5, 'e': 0.009434747750504199}",25,0,37.34258982341577,"{0: 25, 1: 0, 2: 0, 3: 0, 4: 0}",0
465,False,"{'a': 0.5, 'e': 0.009340400272999157}",20,15,12.240994161563602,"{0: 5, 1: 0, 2: 0, 3: 0, 4: 0}",1
466,False,"{'a': 0.5, 'e': 0.009246996270269165}",30,23,14.69860067796768,"{0: 7, 1: 0, 2: 0, 3: 0, 4: 0}",1
467,False,"{'a': 0.5, 'e': 0.009154526307566474}",25,11,25.643710772344654,"{0: 14, 1: 0, 2: 0, 3: 0, 4: 0}",1
468,False,"{'a': 0.5, 'e': 0.009062981044490808}",25,17,1.7672701259943693,"{0: 7, 1: 0, 2: 1, 3: 0, 4: 0}",1
469,False,"{'a': 0.5, 'e': 0.0089723512340459}",20,5,23.678316007902005,"{0: 15, 1: 0, 2: 0, 3: 0, 4: 0}",1
470,False,"{'a': 0.5, 'e': 0.00888262772170544}",25,11,29.35056501979049,"{0: 14, 1: 0, 2: 0, 3: 0, 4: 0}",1
471,False,"{'a': 0.5, 'e': 0.008793801444488386}",20,13,13.585412493363982,"{0: 7, 1: 0, 2: 0, 3: 0, 4: 0}",1
472,False,"{'a': 0.5, 'e': 0.008705863430043502}",25,20,11.839448977477389,"{0: 5, 1: 0, 2: 0, 3: 0, 4: 0}",1
473,False,"{'a': 0.5, 'e': 0.008618804795743068}",30,10,36.581329301679666,"{0: 20, 1: 0, 2: 0, 3: 0, 4: 0}",1
474,False,"{'a': 0.5, 'e': 0.008532616747785637}",25,17,15.265879894347094,"{0: 8, 1: 0, 2: 0, 3: 0, 4: 0}",1
475,False,"{'a': 0.5, 'e': 0.00844729058030778}",35,23,25.736938861708,"{0: 12, 1: 0, 2: 0, 3: 0, 4: 0}",1
476,False,"{'a': 0.5, 'e': 0.008362817674504702}",20,9,20.49748294559881,"{0: 11, 1: 0, 2: 0, 3: 0, 4: 0}",1
477,False,"{'a': 0.5, 'e': 0.008279189497759656}",35,15,31.75525846699539,"{0: 20, 1: 0, 2: 0, 3: 0, 4: 0}",1
478,False,"{'a': 0.5, 'e': 0.008196397602782058}",20,11,14.823845824956535,"{0: 9, 1: 0, 2: 0, 3: 0, 4: 0}",1
479,False,"{'a': 0.5, 'e': 0.008114433626754238}",35,12,44.88655236857095,"{0: 23, 1: 0, 2: 0, 3: 0, 4: 0}",1
480,False,"{'a': 0.5, 'e': 0.008033289290486696}",25,15,21.531286363135006,"{0: 10, 1: 0, 2: 0, 3: 0, 4: 0}",1
481,False,"{'a': 0.5, 'e': 0.00795295639758183}",25,17,17.330303269620906,"{0: 8, 1: 0, 2: 0, 3: 0, 4: 0}",1
482,False,"{'a': 0.5, 'e': 0.00787342683360601}",20,7,25.080499493190445,"{0: 13, 1: 0, 2: 0, 3: 0, 4: 0}",1
483,False,"{'a': 0.5, 'e': 0.0077946925652699495}",30,10,36.89629508355439,"{0: 20, 1: 0, 2: 0, 3: 0, 4: 0}",1
484,False,"{'a': 0.5, 'e': 0.00771674563961725}",25,14,20.92719614413448,"{0: 11, 1: 0, 2: 0, 3: 0, 4: 0}",1
485,False,"{'a': 0.5, 'e': 0.007639578183221077}",25,16,17.18479783409733,"{0: 9, 1: 0, 2: 0, 3: 0, 4: 0}",1
486,False,"{'a': 0.5, 'e': 0.0075631824013888665}",30,23,12.774702778302201,"{0: 7, 1: 0, 2: 0, 3: 0, 4: 0}",1
487,False,"{'a': 0.5, 'e': 0.0074875505773749785}",20,6,28.012935441993356,"{0: 14, 1: 0, 2: 0, 3: 0, 4: 0}",1
488,False,"{'a': 0.5, 'e': 0.007412675071601228}",20,12,15.853251061432633,"{0: 8, 1: 0, 2: 0, 3: 0, 4: 0}",1
489,False,"{'a': 0.5, 'e': 0.007338548320885216}",20,10,20.70472443178371,"{0: 10, 1: 0, 2: 0, 3: 0, 4: 0}",1
490,False,"{'a': 0.5, 'e': 0.0072651628376763635}",30,18,24.055045267020777,"{0: 12, 1: 0, 2: 0, 3: 0, 4: 0}",1
491,False,"{'a': 0.5, 'e': 0.0071925112092996}",20,11,18.051236522687233,"{0: 9, 1: 0, 2: 0, 3: 0, 4: 0}",1
492,False,"{'a': 0.5, 'e': 0.007120586097206604}",25,15,17.40831577089149,"{0: 10, 1: 0, 2: 0, 3: 0, 4: 0}",1
493,False,"{'a': 0.5, 'e': 0.007049380236234538}",20,13,16.104005345275134,"{0: 7, 1: 0, 2: 0, 3: 0, 4: 0}",1
494,False,"{'a': 0.5, 'e': 0.006978886433872193}",25,11,28.229050506363517,"{0: 14, 1: 0, 2: 0, 3: 0, 4: 0}",1
495,False,"{'a': 0.5, 'e': 0.00690909756953347}",20,9,26.290046137263055,"{0: 11, 1: 0, 2: 0, 3: 0, 4: 0}",1
496,False,"{'a': 0.5, 'e': 0.006840006593838136}",35,19,34.38912252825352,"{0: 16, 1: 0, 2: 0, 3: 0, 4: 0}",1
497,False,"{'a': 0.5, 'e': 0.006771606527899755}",20,3,24.89685257099101,"{0: 17, 1: 0, 2: 0, 3: 0, 4: 0}",1
498,False,"{'a': 0.5, 'e': 0.0067038904626207565}",20,5,29.04098600758866,"{0: 15, 1: 0, 2: 0, 3: 0, 4: 0}",1
499,False,"{'a': 0.5, 'e': 0.006636851557994549}",20,13,12.401636902258605,"{0: 7, 1: 0, 2: 0, 3: 0, 4: 0}",1
500,False,"{'a': 0.5, 'e': 0.006570483042414603}",20,12,16.242211275414583,"{0: 8, 1: 0, 2: 0, 3: 0, 4: 0}",1
501,False,"{'a': 0.5, 'e': 0.006504778211990457}",20,10,17.966853018910985,"{0: 10, 1: 0, 2: 0, 3: 0, 4: 0}",1
502,False,"{'a': 0.5, 'e': 0.006439730429870553}",20,8,20.34490380968593,"{0: 12, 1: 0, 2: 0, 3: 0, 4: 0}",1
503,False,"{'a': 0.5, 'e': 0.006375333125571847}",20,9,22.036047149088212,"{0: 11, 1: 0, 2: 0, 3: 0, 4: 0}",1
504,False,"{'a': 0.5, 'e': 0.006311579794316129}",30,13,33.26568960559949,"{0: 17, 1: 0, 2: 0, 3: 0, 4: 0}",1
505,False,"{'a': 0.5, 'e': 0.006248463996372967}",25,7,31.51581676323345,"{0: 18, 1: 0, 2: 0, 3: 0, 4: 0}",1
506,False,"{'a': 0.5, 'e': 0.0061859793564092375}",25,15,21.003373991231523,"{0: 10, 1: 0, 2: 0, 3: 0, 4: 0}",1
507,False,"{'a': 0.5, 'e': 0.006124119562845145}",25,13,22.408985799476334,"{0: 12, 1: 0, 2: 0, 3: 0, 4: 0}",1
508,False,"{'a': 0.5, 'e': 0.0060628783672166935}",35,22,25.68804484761239,"{0: 13, 1: 0, 2: 0, 3: 0, 4: 0}",1
509,False,"{'a': 0.5, 'e': 0.006002249583544526}",25,20,9.85521643263144,"{0: 5, 1: 0, 2: 0, 3: 0, 4: 0}",1
510,False,"{'a': 0.5, 'e': 0.005942227087709081}",25,17,14.966831251234876,"{0: 8, 1: 0, 2: 0, 3: 0, 4: 0}",1
511,False,"{'a': 0.5, 'e': 0.00588280481683199}",30,17,26.387643559122623,"{0: 13, 1: 0, 2: 0, 3: 0, 4: 0}",1
512,False,"{'a': 0.5, 'e': 0.005823976768663671}",20,12,12.725959430780318,"{0: 8, 1: 0, 2: 0, 3: 0, 4: 0}",1
513,False,"{'a': 0.5, 'e': 0.0057657370009770335}",30,8,45.33713608308473,"{0: 22, 1: 0, 2: 0, 3: 0, 4: 0}",1
514,False,"{'a': 0.5, 'e': 0.005708079630967263}",25,3,39.333390826261436,"{0: 22, 1: 0, 2: 0, 3: 0, 4: 0}",1
515,False,"{'a': 0.5, 'e': 0.00565099883465759}",25,8,28.653129430765002,"{0: 17, 1: 0, 2: 0, 3: 0, 4: 0}",1
516,False,"{'a': 0.5, 'e': 0.005594488846311015}",25,14,22.655800940847794,"{0: 11, 1: 0, 2: 0, 3: 0, 4: 0}",1
517,False,"{'a': 0.5, 'e': 0.005538543957847904}",20,12,18.7825356877715,"{0: 8, 1: 0, 2: 0, 3: 0, 4: 0}",1
518,False,"{'a': 0.5, 'e': 0.005483158518269426}",20,13,13.625728826079385,"{0: 7, 1: 0, 2: 0, 3: 0, 4: 0}",1
519,False,"{'a': 0.5, 'e': 0.005428326933086731}",25,11,25.967316136528304,"{0: 14, 1: 0, 2: 0, 3: 0, 4: 0}",1
520,False,"{'a': 0.5, 'e': 0.005374043663755864}",20,15,11.293777362714813,"{0: 5, 1: 0, 2: 0, 3: 0, 4: 0}",1
521,False,"{'a': 0.5, 'e': 0.005320303227118305}",20,8,22.69500707898125,"{0: 12, 1: 0, 2: 0, 3: 0, 4: 0}",1
522,False,"{'a': 0.5, 'e': 0.005267100194847122}",20,3,29.794524992001918,"{0: 17, 1: 0, 2: 0, 3: 0, 4: 0}",1
523,False,"{'a': 0.5, 'e': 0.005214429192898651}",25,14,21.89355923141137,"{0: 11, 1: 0, 2: 0, 3: 0, 4: 0}",1
524,False,"{'a': 0.5, 'e': 0.005162284900969664}",35,25,20.812436364309637,"{0: 10, 1: 0, 2: 0, 3: 0, 4: 0}",1
525,False,"{'a': 0.5, 'e': 0.005110662051959968}",20,9,21.98391197676026,"{0: 11, 1: 0, 2: 0, 3: 0, 4: 0}",1
526,False,"{'a': 0.5, 'e': 0.005059555431440368}",25,9,24.718513948551404,"{0: 16, 1: 0, 2: 0, 3: 0, 4: 0}",1
527,False,"{'a': 0.5, 'e': 0.005008959877125964}",20,11,15.252101882553337,"{0: 9, 1: 0, 2: 0, 3: 0, 4: 0}",1
528,False,"{'a': 0.5, 'e': 0.0049588702783547045}",20,11,16.04050056478906,"{0: 9, 1: 0, 2: 0, 3: 0, 4: 0}",1
529,False,"{'a': 0.5, 'e': 0.004909281575571157}",25,13,20.271994389960135,"{0: 12, 1: 0, 2: 0, 3: 0, 4: 0}",1
530,False,"{'a': 0.5, 'e': 0.0048601887598154455}",20,8,16.19415019328175,"{0: 12, 1: 0, 2: 0, 3: 0, 4: 0}",1
531,False,"{'a': 0.5, 'e': 0.004811586872217291}",20,8,24.95591462575826,"{0: 12, 1: 0, 2: 0, 3: 0, 4: 0}",1
532,False,"{'a': 0.5, 'e': 0.004763471003495118}",20,16,7.721962670031818,"{0: 4, 1: 0, 2: 0, 3: 0, 4: 0}",1
533,False,"{'a': 0.5, 'e': 0.004715836293460167}",20,16,8.261884859316115,"{0: 4, 1: 0, 2: 0, 3: 0, 4: 0}",1
534,False,"{'a': 0.5, 'e': 0.004668677930525565}",20,10,17.99308011251614,"{0: 10, 1: 0, 2: 0, 3: 0, 4: 0}",1
535,False,"{'a': 0.5, 'e': 0.0046219911512203095}",20,5,26.12237044745364,"{0: 15, 1: 0, 2: 0, 3: 0, 4: 0}",1
536,False,"{'a': 0.5, 'e': 0.004575771239708106}",25,16,13.914802772422314,"{0: 9, 1: 0, 2: 0, 3: 0, 4: 0}",1
537,False,"{'a': 0.5, 'e': 0.004530013527311025}",30,19,18.876482006126935,"{0: 11, 1: 0, 2: 0, 3: 0, 4: 0}",1
538,False,"{'a': 0.5, 'e': 0.004484713392037915}",30,10,34.11377143357097,"{0: 20, 1: 0, 2: 0, 3: 0, 4: 0}",1
539,False,"{'a': 0.5, 'e': 0.004439866258117536}",35,13,41.629589852958304,"{0: 22, 1: 0, 2: 0, 3: 0, 4: 0}",1
540,False,"{'a': 0.5, 'e': 0.004395467595536361}",20,12,16.094906774856867,"{0: 8, 1: 0, 2: 0, 3: 0, 4: 0}",1
541,False,"{'a': 0.5, 'e': 0.0043515129195809965}",30,24,11.217561859092912,"{0: 6, 1: 0, 2: 0, 3: 0, 4: 0}",1
542,False,"{'a': 0.5, 'e': 0.004307997790385187}",25,20,8.89217777093193,"{0: 5, 1: 0, 2: 0, 3: 0, 4: 0}",1
543,False,"{'a': 0.5, 'e': 0.004264917812481335}",25,17,17.88844663803868,"{0: 8, 1: 0, 2: 0, 3: 0, 4: 0}",1
544,False,"{'a': 0.5, 'e': 0.004222268634356522}",20,9,21.67501978134086,"{0: 11, 1: 0, 2: 0, 3: 0, 4: 0}",1
545,False,"{'a': 0.5, 'e': 0.004180045948012957}",20,14,11.679067318536212,"{0: 6, 1: 0, 2: 0, 3: 0, 4: 0}",1
546,False,"{'a': 0.5, 'e': 0.004138245488532827}",35,18,32.05717964820115,"{0: 17, 1: 0, 2: 0, 3: 0, 4: 0}",1
547,False,"{'a': 0.5, 'e': 0.004096863033647498}",30,15,30.63861807172539,"{0: 15, 1: 0, 2: 0, 3: 0, 4: 0}",1
548,False,"{'a': 0.5, 'e': 0.0040558944033110235}",25,7,31.561052868613803,"{0: 18, 1: 0, 2: 0, 3: 0, 4: 0}",1
549,False,"{'a': 0.5, 'e': 0.004015335459277913}",30,20,19.876605992517838,"{0: 10, 1: 0, 2: 0, 3: 0, 4: 0}",1
550,False,"{'a': 0.5, 'e': 0.003975182104685134}",25,15,17.70792727060281,"{0: 10, 1: 0, 2: 0, 3: 0, 4: 0}",1
551,False,"{'a': 0.5, 'e': 0.003935430283638282}",30,15,29.069756310613098,"{0: 15, 1: 0, 2: 0, 3: 0, 4: 0}",1
552,False,"{'a': 0.5, 'e': 0.0038960759808018995}",20,8,18.583516100171963,"{0: 12, 1: 0, 2: 0, 3: 0, 4: 0}",1
553,False,"{'a': 0.5, 'e': 0.0038571152209938807}",20,14,10.185765321273683,"{0: 6, 1: 0, 2: 0, 3: 0, 4: 0}",1
554,False,"{'a': 0.5, 'e': 0.0038185440687839418}",20,8,27.108831976817754,"{0: 12, 1: 0, 2: 0, 3: 0, 4: 0}",1
555,False,"{'a': 0.5, 'e': 0.003780358628096102}",20,0,31.699949062505645,"{0: 20, 1: 0, 2: 0, 3: 0, 4: 0}",1
556,False,"{'a': 0.5, 'e': 0.0037425550418151415}",30,20,19.387392376569686,"{0: 10, 1: 0, 2: 0, 3: 0, 4: 0}",1
557,False,"{'a': 0.5, 'e': 0.0037051294913969897}",20,0,29.304563533739415,"{0: 20, 1: 0, 2: 0, 3: 0, 4: 0}",0
558,False,"{'a': 0.5, 'e': 0.00366807819648302}",25,16,19.848208514958245,"{0: 9, 1: 0, 2: 0, 3: 0, 4: 0}",1
559,False,"{'a': 0.5, 'e': 0.0036313974145181895}",20,0,25.488205999330834,"{0: 20, 1: 0, 2: 0, 3: 0, 4: 0}",1
560,False,"{'a': 0.5, 'e': 0.003595083440373008}",20,6,24.70906374892951,"{0: 14, 1: 0, 2: 0, 3: 0, 4: 0}",1
561,False,"{'a': 0.5, 'e': 0.003559132605969278}",20,13,12.518002663773325,"{0: 7, 1: 0, 2: 0, 3: 0, 4: 0}",1
562,False,"{'a': 0.5, 'e': 0.003523541279909585}",35,11,43.77436871613179,"{0: 24, 1: 0, 2: 0, 3: 0, 4: 0}",1
563,False,"{'a': 0.5, 'e': 0.003488305867110489}",20,2,31.772738444208354,"{0: 18, 1: 0, 2: 0, 3: 0, 4: 0}",1
564,False,"{'a': 0.5, 'e': 0.003453422808439384}",35,25,11.85563253934846,"{0: 9, 1: 1, 2: 0, 3: 0, 4: 0}",1
565,False,"{'a': 0.5, 'e': 0.0034188885803549903}",20,10,19.288904393061987,"{0: 10, 1: 0, 2: 0, 3: 0, 4: 0}",1
566,False,"{'a': 0.5, 'e': 0.0033846996945514404}",25,13,25.29741728135895,"{0: 12, 1: 0, 2: 0, 3: 0, 4: 0}",1
567,False,"{'a': 0.5, 'e': 0.003350852697605926}",20,12,16.364476327425567,"{0: 8, 1: 0, 2: 0, 3: 0, 4: 0}",1
568,False,"{'a': 0.5, 'e': 0.0033173441706298664}",30,13,29.91303568846764,"{0: 17, 1: 0, 2: 0, 3: 0, 4: 0}",1
569,False,"{'a': 0.5, 'e': 0.0032841707289235677}",25,11,25.084395749542324,"{0: 14, 1: 0, 2: 0, 3: 0, 4: 0}",1
570,False,"{'a': 0.5, 'e': 0.003251329021634332}",25,19,12.301268024820468,"{0: 6, 1: 0, 2: 0, 3: 0, 4: 0}",1
571,False,"{'a': 0.5, 'e': 0.0032188157314179885}",20,13,13.729867592010352,"{0: 7, 1: 0, 2: 0, 3: 0, 4: 0}",1
572,False,"{'a': 0.5, 'e': 0.003186627574103809}",20,8,17.79449603881219,"{0: 12, 1: 0, 2: 0, 3: 0, 4: 0}",1
573,False,"{'a': 0.5, 'e': 0.0031547612983627705}",30,6,45.15826320394248,"{0: 24, 1: 0, 2: 0, 3: 0, 4: 0}",1
574,False,"{'a': 0.5, 'e': 0.003123213685379143}",25,9,29.15728065244216,"{0: 16, 1: 0, 2: 0, 3: 0, 4: 0}",1
575,False,"{'a': 0.5, 'e': 0.0030919815485253516}",20,13,13.32699167230637,"{0: 7, 1: 0, 2: 0, 3: 0, 4: 0}",1
576,False,"{'a': 0.5, 'e': 0.003061061733040098}",25,13,24.371946497893102,"{0: 12, 1: 0, 2: 0, 3: 0, 4: 0}",1
577,False,"{'a': 0.5, 'e': 0.003030451115709697}",20,10,21.191808542093995,"{0: 10, 1: 0, 2: 0, 3: 0, 4: 0}",1
578,False,"{'a': 0.5, 'e': 0.0030001466045526}",30,21,14.311043830826346,"{0: 9, 1: 0, 2: 0, 3: 0, 4: 0}",1
579,False,"{'a': 0.5, 'e': 0.002970145138507074}",20,13,15.054681958565405,"{0: 7, 1: 0, 2: 0, 3: 0, 4: 0}",1
580,False,"{'a': 0.5, 'e': 0.002940443687122003}",20,14,11.750663368835784,"{0: 6, 1: 0, 2: 0, 3: 0, 4: 0}",1
581,False,"{'a': 0.5, 'e': 0.002911039250250783}",25,15,19.491121812656367,"{0: 10, 1: 0, 2: 0, 3: 0, 4: 0}",1
582,False,"{'a': 0.5, 'e': 0.0028819288577482754}",25,17,15.03522312057444,"{0: 8, 1: 0, 2: 0, 3: 0, 4: 0}",1
583,False,"{'a': 0.5, 'e': 0.0028531095691707925}",25,0,38.55338620610555,"{0: 25, 1: 0, 2: 0, 3: 0, 4: 0}",0
584,False,"{'a': 0.5, 'e': 0.0028245784734790844}",20,9,22.163156891715172,"{0: 11, 1: 0, 2: 0, 3: 0, 4: 0}",1
585,False,"{'a': 0.5, 'e': 0.0027963326887442937}",20,9,20.403183209240147,"{0: 11, 1: 0, 2: 0, 3: 0, 4: 0}",1
586,False,"{'a': 0.5, 'e': 0.0027683693618568506}",20,12,17.696620921153375,"{0: 8, 1: 0, 2: 0, 3: 0, 4: 0}",1
587,False,"{'a': 0.5, 'e': 0.002740685668238282}",25,15,16.040402241090813,"{0: 10, 1: 0, 2: 0, 3: 0, 4: 0}",1
588,False,"{'a': 0.5, 'e': 0.0027132788115558993}",20,10,19.02907824989449,"{0: 10, 1: 0, 2: 0, 3: 0, 4: 0}",1
589,False,"{'a': 0.5, 'e': 0.0026861460234403403}",30,20,13.532217230071598,"{0: 10, 1: 0, 2: 0, 3: 0, 4: 0}",1
590,False,"{'a': 0.5, 'e': 0.002659284563205937}",25,13,25.15251160898573,"{0: 12, 1: 0, 2: 0, 3: 0, 4: 0}",1
591,False,"{'a': 0.5, 'e': 0.0026326917175738774}",25,15,19.176969715567722,"{0: 10, 1: 0, 2: 0, 3: 0, 4: 0}",1
592,False,"{'a': 0.5, 'e': 0.0026063648003981387}",25,16,16.44566640213709,"{0: 9, 1: 0, 2: 0, 3: 0, 4: 0}",1
593,False,"{'a': 0.5, 'e': 0.0025803011523941573}",25,13,26.014232157520464,"{0: 12, 1: 0, 2: 0, 3: 0, 4: 0}",1
594,False,"{'a': 0.5, 'e': 0.0025544981408702158}",30,19,21.29314278812503,"{0: 11, 1: 0, 2: 0, 3: 0, 4: 0}",1
595,False,"{'a': 0.5, 'e': 0.0025289531594615135}",20,5,22.257970561235073,"{0: 15, 1: 0, 2: 0, 3: 0, 4: 0}",1
596,False,"{'a': 0.5, 'e': 0.0025036636278668984}",20,9,20.630140799862026,"{0: 11, 1: 0, 2: 0, 3: 0, 4: 0}",1
597,False,"{'a': 0.5, 'e': 0.0024786269915882293}",25,15,17.139905034762794,"{0: 10, 1: 0, 2: 0, 3: 0, 4: 0}",1
598,False,"{'a': 0.5, 'e': 0.002453840721672347}",25,14,25.100490983209887,"{0: 11, 1: 0, 2: 0, 3: 0, 4: 0}",1
599,False,"{'a': 0.5, 'e': 0.0024293023144556234}",20,0,36.36908229276381,"{0: 20, 1: 0, 2: 0, 3: 0, 4: 0}",0
600,False,"{'a': 0.5, 'e': 0.0024050092913110673}",25,17,13.683233994328459,"{0: 8, 1: 0, 2: 0, 3: 0, 4: 0}",1
601,False,"{'a': 0.5, 'e': 0.0023809591983979567}",20,11,17.38275368335747,"{0: 9, 1: 0, 2: 0, 3: 0, 4: 0}",1
602,False,"{'a': 0.5, 'e': 0.002357149606413977}",25,20,9.093921988314694,"{0: 5, 1: 0, 2: 0, 3: 0, 4: 0}",1
603,False,"{'a': 0.5, 'e': 0.002333578110349837}",25,18,11.585947662858743,"{0: 7, 1: 0, 2: 0, 3: 0, 4: 0}",1
604,False,"{'a': 0.5, 'e': 0.0023102423292463386}",20,11,17.20509953915928,"{0: 9, 1: 0, 2: 0, 3: 0, 4: 0}",1
605,False,"{'a': 0.5, 'e': 0.0022871399059538754}",25,16,13.739783411127018,"{0: 9, 1: 0, 2: 0, 3: 0, 4: 0}",1
606,False,"{'a': 0.5, 'e': 0.0022642685068943367}",30,8,40.27291915350467,"{0: 22, 1: 0, 2: 0, 3: 0, 4: 0}",1
607,False,"{'a': 0.5, 'e': 0.002241625821825393}",20,12,13.456177037878774,"{0: 8, 1: 0, 2: 0, 3: 0, 4: 0}",1
608,False,"{'a': 0.5, 'e': 0.0022192095636071395}",30,17,23.44349905510361,"{0: 13, 1: 0, 2: 0, 3: 0, 4: 0}",1
609,False,"{'a': 0.5, 'e': 0.002197017467971068}",20,6,22.57399743013897,"{0: 14, 1: 0, 2: 0, 3: 0, 4: 0}",1
610,False,"{'a': 0.5, 'e': 0.002175047293291357}",25,16,19.23911153193352,"{0: 9, 1: 0, 2: 0, 3: 0, 4: 0}",1
611,False,"{'a': 0.5, 'e': 0.002153296820358444}",20,12,13.738029599944033,"{0: 8, 1: 0, 2: 0, 3: 0, 4: 0}",1
612,False,"{'a': 0.5, 'e': 0.0021317638521548593}",25,11,24.954134363536948,"{0: 14, 1: 0, 2: 0, 3: 0, 4: 0}",1
613,False,"{'a': 0.5, 'e': 0.0021104462136333105}",25,20,8.709241466580906,"{0: 5, 1: 0, 2: 0, 3: 0, 4: 0}",1
614,False,"{'a': 0.5, 'e': 0.0020893417514969773}",25,17,16.451714457834207,"{0: 8, 1: 0, 2: 0, 3: 0, 4: 0}",1
615,False,"{'a': 0.5, 'e': 0.0020684483339820075}",25,17,15.698189524294904,"{0: 8, 1: 0, 2: 0, 3: 0, 4: 0}",1
616,False,"{'a': 0.5, 'e': 0.0020477638506421875}",25,18,13.802875541858723,"{0: 7, 1: 0, 2: 0, 3: 0, 4: 0}",1
617,False,"{'a': 0.5, 'e': 0.0020272862121357657}",20,10,20.191721631948443,"{0: 10, 1: 0, 2: 0, 3: 0, 4: 0}",1
618,False,"{'a': 0.5, 'e': 0.002007013350014408}",20,6,25.285579661111363,"{0: 14, 1: 0, 2: 0, 3: 0, 4: 0}",1
619,False,"{'a': 0.5, 'e': 0.0019869432165142637}",30,19,23.321093001215882,"{0: 11, 1: 0, 2: 0, 3: 0, 4: 0}",1
620,False,"{'a': 0.5, 'e': 0.001967073784349121}",25,11,26.383007069134145,"{0: 14, 1: 0, 2: 0, 3: 0, 4: 0}",1
621,False,"{'a': 0.5, 'e': 0.00194740304650563}",20,12,16.08885107691654,"{0: 8, 1: 0, 2: 0, 3: 0, 4: 0}",1
622,False,"{'a': 0.5, 'e': 0.0019279290160405737}",20,10,19.872894769957522,"{0: 10, 1: 0, 2: 0, 3: 0, 4: 0}",1
623,False,"{'a': 0.5, 'e': 0.001908649725880168}",30,13,30.8720941898943,"{0: 17, 1: 0, 2: 0, 3: 0, 4: 0}",1
624,False,"{'a': 0.5, 'e': 0.0018895632286213661}",20,10,17.856960272293186,"{0: 10, 1: 0, 2: 0, 3: 0, 4: 0}",1
625,False,"{'a': 0.5, 'e': 0.0018706675963351526}",20,0,26.916804721548033,"{0: 20, 1: 0, 2: 0, 3: 0, 4: 0}",1
626,False,"{'a': 0.5, 'e': 0.001851960920371801}",30,22,16.651710007214124,"{0: 8, 1: 0, 2: 0, 3: 0, 4: 0}",1
627,False,"{'a': 0.5, 'e': 0.001833441311168083}",25,13,24.844833340837326,"{0: 12, 1: 0, 2: 0, 3: 0, 4: 0}",1
628,False,"{'a': 0.5, 'e': 0.0018151068980564022}",20,12,13.562738715217238,"{0: 8, 1: 0, 2: 0, 3: 0, 4: 0}",1
629,False,"{'a': 0.5, 'e': 0.001796955829075838}",20,10,19.882741438587733,"{0: 10, 1: 0, 2: 0, 3: 0, 4: 0}",1
630,False,"{'a': 0.5, 'e': 0.0017789862707850797}",20,13,16.11011123061406,"{0: 7, 1: 0, 2: 0, 3: 0, 4: 0}",1
631,False,"{'a': 0.5, 'e': 0.001761196408077229}",35,24,20.92875149709399,"{0: 11, 1: 0, 2: 0, 3: 0, 4: 0}",1
632,False,"{'a': 0.5, 'e': 0.0017435844439964566}",25,8,31.836037119159354,"{0: 17, 1: 0, 2: 0, 3: 0, 4: 0}",1
633,False,"{'a': 0.5, 'e': 0.001726148599556492}",20,11,18.457230834086808,"{0: 9, 1: 0, 2: 0, 3: 0, 4: 0}",1
634,False,"{'a': 0.5, 'e': 0.001708887113560927}",20,14,10.159330631357834,"{0: 6, 1: 0, 2: 0, 3: 0, 4: 0}",1
635,False,"{'a': 0.5, 'e': 0.0016917982424253177}",25,13,20.817641148501153,"{0: 12, 1: 0, 2: 0, 3: 0, 4: 0}",1
636,False,"{'a': 0.5, 'e': 0.0016748802600010646}",20,5,28.48409620665182,"{0: 15, 1: 0, 2: 0, 3: 0, 4: 0}",1
637,False,"{'a': 0.5, 'e': 0.0016581314574010539}",25,19,12.144044475357859,"{0: 6, 1: 0, 2: 0, 3: 0, 4: 0}",1
638,False,"{'a': 0.5, 'e': 0.0016415501428270432}",30,20,18.118901245059376,"{0: 10, 1: 0, 2: 0, 3: 0, 4: 0}",1
639,False,"{'a': 0.5, 'e': 0.001625134641398773}",20,10,21.13044010451556,"{0: 10, 1: 0, 2: 0, 3: 0, 4: 0}",1
640,False,"{'a': 0.5, 'e': 0.001608883294984785}",20,3,31.31206122181841,"{0: 17, 1: 0, 2: 0, 3: 0, 4: 0}",1
641,False,"{'a': 0.5, 'e': 0.0015927944620349372}",25,7,29.854841495766053,"{0: 18, 1: 0, 2: 0, 3: 0, 4: 0}",1
642,False,"{'a': 0.5, 'e': 0.0015768665174145879}",30,18,18.90967070876654,"{0: 12, 1: 0, 2: 0, 3: 0, 4: 0}",1
643,False,"{'a': 0.5, 'e': 0.001561097852240442}",20,10,18.446106653429652,"{0: 10, 1: 0, 2: 0, 3: 0, 4: 0}",1
644,False,"{'a': 0.5, 'e': 0.0015454868737180376}",20,9,21.86303308290551,"{0: 11, 1: 0, 2: 0, 3: 0, 4: 0}",1
645,False,"{'a': 0.5, 'e': 0.0015300320049808573}",20,16,7.221867994809259,"{0: 4, 1: 0, 2: 0, 3: 0, 4: 0}",1
646,False,"{'a': 0.5, 'e': 0.0015147316849310486}",25,14,20.60277520960101,"{0: 11, 1: 0, 2: 0, 3: 0, 4: 0}",1
647,False,"{'a': 0.5, 'e': 0.001499584368081738}",25,12,18.490063782735128,"{0: 13, 1: 0, 2: 0, 3: 0, 4: 0}",1
648,False,"{'a': 0.5, 'e': 0.0014845885244009207}",20,4,25.42215950986844,"{0: 16, 1: 0, 2: 0, 3: 0, 4: 0}",1
649,False,"{'a': 0.5, 'e': 0.0014697426391569114}",25,18,15.48124438378884,"{0: 7, 1: 0, 2: 0, 3: 0, 4: 0}",1
650,False,"{'a': 0.5, 'e': 0.0014550452127653423}",25,19,13.15266132036395,"{0: 6, 1: 0, 2: 0, 3: 0, 4: 0}",1
651,False,"{'a': 0.5, 'e': 0.001440494760637689}",25,7,32.61444628457958,"{0: 18, 1: 0, 2: 0, 3: 0, 4: 0}",1
652,False,"{'a': 0.5, 'e': 0.001426089813031312}",20,9,18.74733270834564,"{0: 11, 1: 0, 2: 0, 3: 0, 4: 0}",1
653,False,"{'a': 0.5, 'e': 0.0014118289149009989}",30,13,30.023917273365257,"{0: 17, 1: 0, 2: 0, 3: 0, 4: 0}",1
654,False,"{'a': 0.5, 'e': 0.0013977106257519888}",20,10,16.05623322870922,"{0: 10, 1: 0, 2: 0, 3: 0, 4: 0}",1
655,False,"{'a': 0.5, 'e': 0.001383733519494469}",25,8,32.16134745324499,"{0: 17, 1: 0, 2: 0, 3: 0, 4: 0}",1
656,False,"{'a': 0.5, 'e': 0.0013698961842995242}",25,17,14.378841973728893,"{0: 8, 1: 0, 2: 0, 3: 0, 4: 0}",1
657,False,"{'a': 0.5, 'e': 0.001356197222456529}",25,17,18.42583167119647,"{0: 8, 1: 0, 2: 0, 3: 0, 4: 0}",1
658,False,"{'a': 0.5, 'e': 0.0013426352502319636}",20,0,29.427531074774716,"{0: 20, 1: 0, 2: 0, 3: 0, 4: 0}",0
659,False,"{'a': 0.5, 'e': 0.001329208897729644}",20,11,18.465872102331787,"{0: 9, 1: 0, 2: 0, 3: 0, 4: 0}",1
660,False,"{'a': 0.5, 'e': 0.0013159168087523475}",25,13,25.889532992933365,"{0: 12, 1: 0, 2: 0, 3: 0, 4: 0}",1
661,False,"{'a': 0.5, 'e': 0.0013027576406648242}",20,0,32.131926977592826,"{0: 20, 1: 0, 2: 0, 3: 0, 4: 0}",0
662,False,"{'a': 0.5, 'e': 0.0012897300642581758}",25,12,21.113152282593923,"{0: 13, 1: 0, 2: 0, 3: 0, 4: 0}",1
663,False,"{'a': 0.5, 'e': 0.001276832763615594}",25,17,16.081141953224893,"{0: 8, 1: 0, 2: 0, 3: 0, 4: 0}",1
664,False,"{'a': 0.5, 'e': 0.0012640644359794382}",25,11,23.94833026461778,"{0: 14, 1: 0, 2: 0, 3: 0, 4: 0}",1
665,False,"{'a': 0.5, 'e': 0.0012514237916196437}",25,15,21.15638259845874,"{0: 10, 1: 0, 2: 0, 3: 0, 4: 0}",1
666,False,"{'a': 0.5, 'e': 0.0012389095537034473}",20,10,17.676866774110742,"{0: 10, 1: 0, 2: 0, 3: 0, 4: 0}",1
667,False,"{'a': 0.5, 'e': 0.0012265204581664128}",25,11,22.033771752953218,"{0: 14, 1: 0, 2: 0, 3: 0, 4: 0}",1
668,False,"{'a': 0.5, 'e': 0.0012142552535847487}",20,13,10.915954619920784,"{0: 7, 1: 0, 2: 0, 3: 0, 4: 0}",1
669,False,"{'a': 0.5, 'e': 0.0012021127010489012}",25,14,21.602882597515993,"{0: 11, 1: 0, 2: 0, 3: 0, 4: 0}",1
670,False,"{'a': 0.5, 'e': 0.0011900915740384122}",25,12,24.08228583998406,"{0: 13, 1: 0, 2: 0, 3: 0, 4: 0}",1
671,False,"{'a': 0.5, 'e': 0.001178190658298028}",30,12,36.066674336087544,"{0: 18, 1: 0, 2: 0, 3: 0, 4: 0}",1
672,False,"{'a': 0.5, 'e': 0.0011664087517150477}",25,20,9.736570910191631,"{0: 5, 1: 0, 2: 0, 3: 0, 4: 0}",1
673,False,"{'a': 0.5, 'e': 0.0011547446641978973}",25,11,27.578035203072652,"{0: 14, 1: 0, 2: 0, 3: 0, 4: 0}",1
674,False,"{'a': 0.5, 'e': 0.0011431972175559183}",20,8,21.513192775913325,"{0: 12, 1: 0, 2: 0, 3: 0, 4: 0}",1
675,False,"{'a': 0.5, 'e': 0.0011317652453803591}",30,12,30.426279739589766,"{0: 18, 1: 0, 2: 0, 3: 0, 4: 0}",1
676,False,"{'a': 0.5, 'e': 0.0011204475929265554}",30,12,32.51857781400832,"{0: 18, 1: 0, 2: 0, 3: 0, 4: 0}",1
677,False,"{'a': 0.5, 'e': 0.0011092431169972899}",30,8,41.0882066546664,"{0: 22, 1: 0, 2: 0, 3: 0, 4: 0}",1
678,False,"{'a': 0.5, 'e': 0.001098150685827317}",20,15,9.59552580148863,"{0: 5, 1: 0, 2: 0, 3: 0, 4: 0}",1
679,False,"{'a': 0.5, 'e': 0.0010871691789690438}",25,10,24.20577101134273,"{0: 15, 1: 0, 2: 0, 3: 0, 4: 0}",1
680,False,"{'a': 0.5, 'e': 0.0010762974871793534}",30,23,10.62640529955899,"{0: 7, 1: 0, 2: 0, 3: 0, 4: 0}",1
681,False,"{'a': 0.5, 'e': 0.0010655345123075598}",35,23,25.156158024720423,"{0: 12, 1: 0, 2: 0, 3: 0, 4: 0}",1
682,False,"{'a': 0.5, 'e': 0.0010548791671844842}",25,18,11.930941528166322,"{0: 7, 1: 0, 2: 0, 3: 0, 4: 0}",1
683,False,"{'a': 0.5, 'e': 0.0010443303755126394}",35,21,24.392722085047126,"{0: 14, 1: 0, 2: 0, 3: 0, 4: 0}",1
684,False,"{'a': 0.5, 'e': 0.001033887071757513}",20,15,9.676747828994396,"{0: 5, 1: 0, 2: 0, 3: 0, 4: 0}",1
685,False,"{'a': 0.5, 'e': 0.0010235482010399377}",20,8,19.797020702344042,"{0: 12, 1: 0, 2: 0, 3: 0, 4: 0}",1
686,False,"{'a': 0.5, 'e': 0.0010133127190295385}",35,17,36.088420583835635,"{0: 18, 1: 0, 2: 0, 3: 0, 4: 0}",1
687,False,"{'a': 0.5, 'e': 0.001003179591839243}",20,16,8.72755083959262,"{0: 4, 1: 0, 2: 0, 3: 0, 4: 0}",1
688,False,"{'a': 0.5, 'e': 0.0009931477959208507}",25,5,32.83616424278371,"{0: 20, 1: 0, 2: 0, 3: 0, 4: 0}",1
1,True,"{'a': 0.0, 'e': 0.0}",25,10,26.361981241032925,"{0: 15, 1: 0, 2: 0, 3: 0, 4: 0}",1
2,True,"{'a': 0.0, 'e': 0.0}",25,20,8.464741583430722,"{0: 5, 1: 0, 2: 0, 3: 0, 4: 0}",1
3,True,"{'a': 0.0, 'e': 0.0}",20,16,8.708032790405086,"{0: 4, 1: 0, 2: 0, 3: 0, 4: 0}",1
4,True,"{'a': 0.0, 'e': 0.0}",20,12,15.062717520526196,"{0: 8, 1: 0, 2: 0, 3: 0, 4: 0}",1
5,True,"{'a': 0.0, 'e': 0.0}",30,16,26.67888806977032,"{0: 14, 1: 0, 2: 0, 3: 0, 4: 0}",1
6,True,"{'a': 0.0, 'e': 0.0}",20,3,25.52319455043578,"{0: 17, 1: 0, 2: 0, 3: 0, 4: 0}",1
7,True,"{'a': 0.0, 'e': 0.0}",25,5,35.288222417497956,"{0: 20, 1: 0, 2: 0, 3: 0, 4: 0}",1
8,True,"{'a': 0.0, 'e': 0.0}",20,16,8.30101411509048,"{0: 4, 1: 0, 2: 0, 3: 0, 4: 0}",1
9,True,"{'a': 0.0, 'e': 0.0}",25,11,25.611719922945156,"{0: 14, 1: 0, 2: 0, 3: 0, 4: 0}",1
10,True,"{'a': 0.0, 'e': 0.0}",20,14,10.758796400856625,"{0: 6, 1: 0, 2: 0, 3: 0, 4: 0}",1
11,True,"{'a': 0.0, 'e': 0.0}",20,16,9.556542880192174,"{0: 4, 1: 0, 2: 0, 3: 0, 4: 0}",1
12,True,"{'a': 0.0, 'e': 0.0}",20,6,27.702426852149618,"{0: 14, 1: 0, 2: 0, 3: 0, 4: 0}",1
13,True,"{'a': 0.0, 'e': 0.0}",20,16,7.479147919538726,"{0: 4, 1: 0, 2: 0, 3: 0, 4: 0}",1
14,True,"{'a': 0.0, 'e': 0.0}",25,14,22.16973457539475,"{0: 11, 1: 0, 2: 0, 3: 0, 4: 0}",1
15,True,"{'a': 0.0, 'e': 0.0}",20,14,11.382530220342137,"{0: 6, 1: 0, 2: 0, 3: 0, 4: 0}",1
16,True,"{'a': 0.0, 'e': 0.0}",20,9,21.6687531580036,"{0: 11, 1: 0, 2: 0, 3: 0, 4: 0}",1
17,True,"{'a': 0.0, 'e': 0.0}",25,11,27.455633373020426,"{0: 14, 1: 0, 2: 0, 3: 0, 4: 0}",1
18,True,"{'a': 0.0, 'e': 0.0}",20,9,18.986220557530817,"{0: 11, 1: 0, 2: 0, 3: 0, 4: 0}",1
19,True,"{'a': 0.0, 'e': 0.0}",25,14,18.301441778637223,"{0: 11, 1: 0, 2: 0, 3: 0, 4: 0}",1
20,True,"{'a': 0.0, 'e': 0.0}",20,14,13.161944722601943,"{0: 6, 1: 0, 2: 0, 3: 0, 4: 0}",1
21,True,"{'a': 0.0, 'e': 0.0}",20,8,25.259582187627935,"{0: 12, 1: 0, 2: 0, 3: 0, 4: 0}",1
22,True,"{'a': 0.0, 'e': 0.0}",30,18,24.414624965286553,"{0: 12, 1: 0, 2: 0, 3: 0, 4: 0}",1
23,True,"{'a': 0.0, 'e': 0.0}",35,18,30.197645185232567,"{0: 17, 1: 0, 2: 0, 3: 0, 4: 0}",1
24,True,"{'a': 0.0, 'e': 0.0}",25,11,24.630721856229194,"{0: 14, 1: 0, 2: 0, 3: 0, 4: 0}",1
25,True,"{'a': 0.0, 'e': 0.0}",20,10,21.264180881364744,"{0: 10, 1: 0, 2: 0, 3: 0, 4: 0}",1
26,True,"{'a': 0.0, 'e': 0.0}",25,13,20.803929519339924,"{0: 12, 1: 0, 2: 0, 3: 0, 4: 0}",1
27,True,"{'a': 0.0, 'e': 0.0}",35,20,28.157577720308304,"{0: 15, 1: 0, 2: 0, 3: 0, 4: 0}",1
28,True,"{'a': 0.0, 'e': 0.0}",20,7,21.672860122805012,"{0: 13, 1: 0, 2: 0, 3: 0, 4: 0}",1
29,True,"{'a': 0.0, 'e': 0.0}",25,15,18.105794189057573,"{0: 10, 1: 0, 2: 0, 3: 0, 4: 0}",1
30,True,"{'a': 0.0, 'e': 0.0}",20,14,13.019768070081529,"{0: 6, 1: 0, 2: 0, 3: 0, 4: 0}",1
31,True,"{'a': 0.0, 'e': 0.0}",20,12,11.981360348144214,"{0: 8, 1: 0, 2: 0, 3: 0, 4: 0}",1
32,True,"{'a': 0.0, 'e': 0.0}",30,16,30.054300913671813,"{0: 14, 1: 0, 2: 0, 3: 0, 4: 0}",1
33,True,"{'a': 0.0, 'e': 0.0}",20,13,14.50996740643901,"{0: 7, 1: 0, 2: 0, 3: 0, 4: 0}",1
34,True,"{'a': 0.0, 'e': 0.0}",20,6,24.279331482221963,"{0: 14, 1: 0, 2: 0, 3: 0, 4: 0}",1
35,True,"{'a': 0.0, 'e': 0.0}",30,16,23.25241256475665,"{0: 14, 1: 0, 2: 0, 3: 0, 4: 0}",1
36,True,"{'a': 0.0, 'e': 0.0}",25,16,17.68878959704428,"{0: 9, 1: 0, 2: 0, 3: 0, 4: 0}",1
37,True,"{'a': 0.0, 'e': 0.0}",25,15,16.72471450263914,"{0: 10, 1: 0, 2: 0, 3: 0, 4: 0}",1
38,True,"{'a': 0.0, 'e': 0.0}",20,10,20.770941631597736,"{0: 10, 1: 0, 2: 0, 3: 0, 4: 0}",1
39,True,"{'a': 0.0, 'e': 0.0}",20,10,21.68067481645211,"{0: 10, 1: 0, 2: 0, 3: 0, 4: 0}",1
40,True,"{'a': 0.0, 'e': 0.0}",25,14,17.81636556499365,"{0: 11, 1: 0, 2: 0, 3: 0, 4: 0}",1
41,True,"{'a': 0.0, 'e': 0.0}",25,10,23.79832241771479,"{0: 15, 1: 0, 2: 0, 3: 0, 4: 0}",1
42,True,"{'a': 0.0, 'e': 0.0}",25,17,15.290028659251192,"{0: 8, 1: 0, 2: 0, 3: 0, 4: 0}",1
43,True,"{'a': 0.0, 'e': 0.0}",35,21,26.130058236115055,"{0: 14, 1: 0, 2: 0, 3: 0, 4: 0}",1
44,True,"{'a': 0.0, 'e': 0.0}",25,17,16.716259676962153,"{0: 8, 1: 0, 2: 0, 3: 0, 4: 0}",1
45,True,"{'a': 0.0, 'e': 0.0}",25,8,33.757483978079215,"{0: 17, 1: 0, 2: 0, 3: 0, 4: 0}",1
46,True,"{'a': 0.0, 'e': 0.0}",25,3,33.55574794998614,"{0: 22, 1: 0, 2: 0, 3: 0, 4: 0}",1
47,True,"{'a': 0.0, 'e': 0.0}",30,14,29.44548883735282,"{0: 16, 1: 0, 2: 0, 3: 0, 4: 0}",1
48,True,"{'a': 0.0, 'e': 0.0}",20,11,15.41587261161914,"{0: 9, 1: 0, 2: 0, 3: 0, 4: 0}",1
49,True,"{'a': 0.0, 'e': 0.0}",20,9,20.14982083236599,"{0: 11, 1: 0, 2: 0, 3: 0, 4: 0}",1
50,True,"{'a': 0.0, 'e': 0.0}",20,15,10.164980954890762,"{0: 5, 1: 0, 2: 0, 3: 0, 4: 0}",1
51,True,"{'a': 0.0, 'e': 0.0}",35,13,44.31920666143466,"{0: 22, 1: 0, 2: 0, 3: 0, 4: 0}",1
52,True,"{'a': 0.0, 'e': 0.0}",20,16,6.656067331308151,"{0: 4, 1: 0, 2: 0, 3: 0, 4: 0}",1
53,True,"{'a': 0.0, 'e': 0.0}",20,13,12.537705440911955,"{0: 7, 1: 0, 2: 0, 3: 0, 4: 0}",1
54,True,"{'a': 0.0, 'e': 0.0}",20,11,16.91175822696523,"{0: 9, 1: 0, 2: 0, 3: 0, 4: 0}",1
55,True,"{'a': 0.0, 'e': 0.0}",30,13,33.454380682413095,"{0: 17, 1: 0, 2: 0, 3: 0, 4: 0}",1
56,True,"{'a': 0.0, 'e': 0.0}",25,3,33.83800907823418,"{0: 22, 1: 0, 2: 0, 3: 0, 4: 0}",1
57,True,"{'a': 0.0, 'e': 0.0}",25,12,21.236926265054787,"{0: 13, 1: 0, 2: 0, 3: 0, 4: 0}",1
58,True,"{'a': 0.0, 'e': 0.0}",20,16,6.915469723444977,"{0: 4, 1: 0, 2: 0, 3: 0, 4: 0}",1
59,True,"{'a': 0.0, 'e': 0.0}",30,23,14.485677013715513,"{0: 7, 1: 0, 2: 0, 3: 0, 4: 0}",1
60,True,"{'a': 0.0, 'e': 0.0}",20,4,30.43951790922388,"{0: 16, 1: 0, 2: 0, 3: 0, 4: 0}",1
61,True,"{'a': 0.0, 'e': 0.0}",20,8,17.53946994858477,"{0: 12, 1: 0, 2: 0, 3: 0, 4: 0}",1
62,True,"{'a': 0.0, 'e': 0.0}",30,16,25.72742466251793,"{0: 14, 1: 0, 2: 0, 3: 0, 4: 0}",1
63,True,"{'a': 0.0, 'e': 0.0}",20,10,18.570013591541755,"{0: 10, 1: 0, 2: 0, 3: 0, 4: 0}",1
64,True,"{'a': 0.0, 'e': 0.0}",30,17,26.111774190090244,"{0: 13, 1: 0, 2: 0, 3: 0, 4: 0}",1
65,True,"{'a': 0.0, 'e': 0.0}",20,9,19.192442929420885,"{0: 11, 1: 0, 2: 0, 3: 0, 4: 0}",1
66,True,"{'a': 0.0, 'e': 0.0}",25,17,17.759243266901596,"{0: 8, 1: 0, 2: 0, 3: 0, 4: 0}",1
67,True,"{'a': 0.0, 'e': 0.0}",20,5,20.855432578546544,"{0: 15, 1: 0, 2: 0, 3: 0, 4: 0}",1
68,True,"{'a': 0.0, 'e': 0.0}",30,13,33.42382291779901,"{0: 17, 1: 0, 2: 0, 3: 0, 4: 0}",1
69,True,"{'a': 0.0, 'e': 0.0}",20,8,20.217390215349297,"{0: 12, 1: 0, 2: 0, 3: 0, 4: 0}",1
70,True,"{'a': 0.0, 'e': 0.0}",20,16,7.460075315186669,"{0: 4, 1: 0, 2: 0, 3: 0, 4: 0}",1
71,True,"{'a': 0.0, 'e': 0.0}",20,6,23.12525081432975,"{0: 14, 1: 0, 2: 0, 3: 0, 4: 0}",1
72,True,"{'a': 0.0, 'e': 0.0}",25,16,20.36996631040651,"{0: 9, 1: 0, 2: 0, 3: 0, 4: 0}",1
73,True,"{'a': 0.0, 'e': 0.0}",30,16,25.175557484133506,"{0: 14, 1: 0, 2: 0, 3: 0, 4: 0}",1
74,True,"{'a': 0.0, 'e': 0.0}",20,8,19.08363496859227,"{0: 12, 1: 0, 2: 0, 3: 0, 4: 0}",1
75,True,"{'a': 0.0, 'e': 0.0}",25,7,30.51614162123505,"{0: 18, 1: 0, 2: 0, 3: 0, 4: 0}",1
76,True,"{'a': 0.0, 'e': 0.0}",25,14,20.401640106219137,"{0: 11, 1: 0, 2: 0, 3: 0, 4: 0}",1
77,True,"{'a': 0.0, 'e': 0.0}",25,11,27.942754674270184,"{0: 14, 1: 0, 2: 0, 3: 0, 4: 0}",1
78,True,"{'a': 0.0, 'e': 0.0}",20,14,10.42537231546919,"{0: 6, 1: 0, 2: 0, 3: 0, 4: 0}",1
79,True,"{'a': 0.0, 'e': 0.0}",20,10,21.140241442263388,"{0: 10, 1: 0, 2: 0, 3: 0, 4: 0}",1
80,True,"{'a': 0.0, 'e': 0.0}",25,19,12.98535295870055,"{0: 6, 1: 0, 2: 0, 3: 0, 4: 0}",1
81,True,"{'a': 0.0, 'e': 0.0}",20,5,26.352765664340318,"{0: 15, 1: 0, 2: 0, 3: 0, 4: 0}",1
82,True,"{'a': 0.0, 'e': 0.0}",25,15,19.750505313797415,"{0: 10, 1: 0, 2: 0, 3: 0, 4: 0}",1
83,True,"{'a': 0.0, 'e': 0.0}",30,15,26.97475804638038,"{0: 15, 1: 0, 2: 0, 3: 0, 4: 0}",1
84,True,"{'a': 0.0, 'e': 0.0}",25,17,14.272972687848617,"{0: 8, 1: 0, 2: 0, 3: 0, 4: 0}",1
85,True,"{'a': 0.0, 'e': 0.0}",25,9,32.465238701297764,"{0: 16, 1: 0, 2: 0, 3: 0, 4: 0}",1
86,True,"{'a': 0.0, 'e': 0.0}",25,2,36.273111334121715,"{0: 23, 1: 0, 2: 0, 3: 0, 4: 0}",1
87,True,"{'a': 0.0, 'e': 0.0}",30,18,21.588370055001377,"{0: 12, 1: 0, 2: 0, 3: 0, 4: 0}",1
88,True,"{'a': 0.0, 'e': 0.0}",25,11,24.247961802627813,"{0: 14, 1: 0, 2: 0, 3: 0, 4: 0}",1
89,True,"{'a': 0.0, 'e': 0.0}",30,16,29.589967737014547,"{0: 14, 1: 0, 2: 0, 3: 0, 4: 0}",1
90,True,"{'a': 0.0, 'e': 0.0}",20,13,12.121250589089069,"{0: 7, 1: 0, 2: 0, 3: 0, 4: 0}",1
91,True,"{'a': 0.0, 'e': 0.0}",20,8,18.689444491420307,"{0: 12, 1: 0, 2: 0, 3: 0, 4: 0}",1
92,True,"{'a': 0.0, 'e': 0.0}",20,10,19.419954812061235,"{0: 10, 1: 0, 2: 0, 3: 0, 4: 0}",1
93,True,"{'a': 0.0, 'e': 0.0}",30,10,35.231118521991114,"{0: 20, 1: 0, 2: 0, 3: 0, 4: 0}",1
94,True,"{'a': 0.0, 'e': 0.0}",25,13,25.71347898082994,"{0: 12, 1: 0, 2: 0, 3: 0, 4: 0}",1
95,True,"{'a': 0.0, 'e': 0.0}",35,13,40.53293335518887,"{0: 22, 1: 0, 2: 0, 3: 0, 4: 0}",1
96,True,"{'a': 0.0, 'e': 0.0}",25,17,15.971391923224228,"{0: 8, 1: 0, 2: 0, 3: 0, 4: 0}",1
97,True,"{'a': 0.0, 'e': 0.0}",20,13,11.135508071369758,"{0: 7, 1: 0, 2: 0, 3: 0, 4: 0}",1
98,True,"{'a': 0.0, 'e': 0.0}",25,8,31.365693632451254,"{0: 17, 1: 0, 2: 0, 3: 0, 4: 0}",1
99,True,"{'a': 0.0, 'e': 0.0}",20,6,25.15923674427687,"{0: 14, 1: 0, 2: 0, 3: 0, 4: 0}",1
100,True,"{'a': 0.0, 'e': 0.0}",25,15,19.60940166495617,"{0: 10, 1: 0, 2: 0, 3: 0, 4: 0}",1
